Date,Close,Volume
2006-02-28,128.22999572753906,74394800
2006-03-01,129.3699951171875,48641600
2006-03-02,129.36000061035156,60642300
2006-03-03,128.75999450683594,73402500
2006-03-06,128.1699981689453,57478400
2006-03-07,127.97000122070312,61780800
2006-03-08,128.24000549316406,66692400
2006-03-09,127.37999725341797,56313600
2006-03-10,128.58999633789062,60490800
2006-03-13,128.8300018310547,45479100
2006-03-14,130.17999267578125,69877300
2006-03-15,130.75999450683594,53398900
2006-03-16,131.02999877929688,65526400
2006-03-17,130.6199951171875,47286800
2006-03-20,130.41000366210938,45538500
2006-03-21,129.58999633789062,87102700
2006-03-22,130.3800048828125,51605700
2006-03-23,130.11000061035156,46704200
2006-03-24,130.2100067138672,43209200
2006-03-27,130.02000427246094,32523000
2006-03-28,129.22000122070312,82079900
2006-03-29,130.02999877929688,61505700
2006-03-30,129.8000030517578,70571700
2006-03-31,129.8300018310547,62925600
2006-04-03,129.72999572753906,61624700
2006-04-04,130.55999755859375,54809300
2006-04-05,131.00999450683594,50607200
2006-04-06,130.8699951171875,57906200
2006-04-07,129.5399932861328,80180900
2006-04-10,129.74000549316406,41496500
2006-04-11,128.63999938964844,72799400
2006-04-12,128.8800048828125,43033700
2006-04-13,128.7100067138672,51051800
2006-04-17,128.66000366210938,64167700
2006-04-18,130.6999969482422,92531800
2006-04-19,130.9499969482422,87269000
2006-04-20,131.1300048828125,86005500
2006-04-21,131.14999389648438,72342600
2006-04-24,130.91000366210938,52546400
2006-04-25,130.3699951171875,84359800
2006-04-26,130.39999389648438,67262400
2006-04-27,131.02999877929688,124478600
2006-04-28,131.47000122070312,55854400
2006-05-01,130.39999389648438,64990300
2006-05-02,131.3800048828125,49063500
2006-05-03,130.88999938964844,60821300
2006-05-04,131.36000061035156,42921400
2006-05-05,132.52000427246094,62588200
2006-05-08,132.36000061035156,30016700
2006-05-09,132.6199951171875,29864000
2006-05-10,132.5500030517578,64378200
2006-05-11,130.9499969482422,80626900
2006-05-12,129.24000549316406,91726500
2006-05-15,129.5,84029300
2006-05-16,129.30999755859375,62137600
2006-05-17,126.8499984741211,144789500
2006-05-18,126.20999908447266,87906300
2006-05-19,127.0999984741211,124309400
2006-05-22,126.12999725341797,110852800
2006-05-23,125.16999816894531,92006500
2006-05-24,126.16999816894531,168405000
2006-05-25,127.7300033569336,78977900
2006-05-26,128.3800048828125,62989700
2006-05-30,126.0999984741211,72419900
2006-05-31,127.51000213623047,86926200
2006-06-01,128.72999572753906,73721700
2006-06-02,129.0,91702600
2006-06-05,127.12000274658203,86105100
2006-06-06,126.80999755859375,130498600
2006-06-07,125.86000061035156,108599400
2006-06-08,125.75,204957200
2006-06-09,125.3499984741211,94972200
2006-06-12,123.98999786376953,95815900
2006-06-13,122.55000305175781,185688800
2006-06-14,123.5,163566400
2006-06-15,126.12000274658203,134057000
2006-06-16,124.6500015258789,94253500
2006-06-19,123.66999816894531,95804400
2006-06-20,124.08999633789062,65494700
2006-06-21,125.01000213623047,75008200
2006-06-22,124.45999908447266,74566100
2006-06-23,124.44000244140625,54107000
2006-06-26,124.98999786376953,37899600
2006-06-27,123.91000366210938,69780200
2006-06-28,124.75,62368100
2006-06-29,127.2699966430664,110634800
2006-06-30,127.27999877929688,54227800
2006-07-03,127.80000305175781,23914000
2006-07-05,127.06999969482422,69653400
2006-07-06,127.44000244140625,50100300
2006-07-07,126.61000061035156,81626500
2006-07-10,126.8499984741211,60964100
2006-07-11,127.41000366210938,73640800
2006-07-12,126.05000305175781,82561300
2006-07-13,124.0,102405700
2006-07-14,123.5199966430664,103242500
2006-07-17,123.33999633789062,81159000
2006-07-18,123.97000122070312,122771000
2006-07-19,125.69000244140625,133565300
2006-07-20,124.83000183105469,112259800
2006-07-21,123.94999694824219,101560000
2006-07-24,126.20999908447266,92884000
2006-07-25,126.66000366210938,95480700
2006-07-26,126.83000183105469,84525800
2006-07-27,126.70999908447266,87257100
2006-07-28,127.9800033569336,82137000
2006-07-31,127.8499984741211,49593100
2006-08-01,127.22000122070312,65225600
2006-08-02,128.0800018310547,64770900
2006-08-03,128.4199981689453,63693800
2006-08-04,128.1999969482422,96294200
2006-08-07,127.9000015258789,45377300
2006-08-08,127.41000366210938,90901300
2006-08-09,126.9800033569336,78910600
2006-08-10,127.37000274658203,69322300
2006-08-11,127.01000213623047,47482200
2006-08-14,127.11000061035156,57839000
2006-08-15,128.6300048828125,68143000
2006-08-16,129.6999969482422,71737600
2006-08-17,130.02999877929688,70992800
2006-08-18,130.69000244140625,58288400
2006-08-21,130.1300048828125,42133600
2006-08-22,130.1199951171875,60839900
2006-08-23,129.75999450683594,66592100
2006-08-24,129.64999389648438,57983000
2006-08-25,129.80999755859375,41756000
2006-08-28,130.42999267578125,52681500
2006-08-29,130.5800018310547,61817800
2006-08-30,130.66000366210938,50052200
2006-08-31,130.63999938964844,37510300
2006-09-01,131.4199981689453,48794500
2006-09-05,131.6699981689453,52348300
2006-09-06,130.50999450683594,53795600
2006-09-07,129.91000366210938,86269400
2006-09-08,130.27999877929688,45096300
2006-09-11,130.41000366210938,68496600
2006-09-12,131.69000244140625,69875600
2006-09-13,132.22000122070312,62898400
2006-09-14,132.22999572753906,57805400
2006-09-15,131.9600067138672,76703100
2006-09-18,132.13999938964844,64154100
2006-09-19,131.80999755859375,92089100
2006-09-20,132.50999450683594,75204100
2006-09-21,131.8699951171875,88932500
2006-09-22,131.47000122070312,65966800
2006-09-25,132.47999572753906,92299100
2006-09-26,133.5800018310547,73962700
2006-09-27,133.74000549316406,82432200
2006-09-28,133.69000244140625,58597500
2006-09-29,133.5800018310547,47966600
2006-10-02,133.0800018310547,51687400
2006-10-03,133.36000061035156,73108100
2006-10-04,134.9199981689453,80890500
2006-10-05,135.17999267578125,60505900
2006-10-06,135.00999450683594,64983600
2006-10-09,135.08999633789062,41176800
2006-10-10,135.27000427246094,56403700
2006-10-11,135.11000061035156,104071800
2006-10-12,136.27999877929688,59158600
2006-10-13,136.6300048828125,53944000
2006-10-16,136.83999633789062,42273000
2006-10-17,136.41000366210938,90500600
2006-10-18,136.58999633789062,86848600
2006-10-19,136.80999755859375,64063200
2006-10-20,136.83999633789062,48094500
2006-10-23,137.47000122070312,66219900
2006-10-24,137.8800048828125,53234900
2006-10-25,138.35000610351562,78105400
2006-10-26,138.77999877929688,66843700
2006-10-27,137.91000366210938,80238000
2006-10-30,137.80999755859375,49717800
2006-10-31,137.7899932861328,71274100
2006-11-01,136.86000061035156,83005600
2006-11-02,136.77999877929688,60693100
2006-11-03,136.5399932861328,71346400
2006-11-06,138.0800018310547,63303300
2006-11-07,138.61000061035156,63318900
2006-11-08,138.91000366210938,87517800
2006-11-09,138.17999267578125,95916300
2006-11-10,138.24000549316406,48991500
2006-11-13,138.5800018310547,59398200
2006-11-14,139.6199951171875,96704000
2006-11-15,140.02000427246094,76509600
2006-11-16,140.3800048828125,76728800
2006-11-17,140.4199981689453,56353800
2006-11-20,140.5,69174200
2006-11-21,140.63999938964844,51367900
2006-11-22,140.9199981689453,45505300
2006-11-24,140.35000610351562,30998000
2006-11-27,138.4199981689453,84545100
2006-11-28,139.02000427246094,106652900
2006-11-29,140.47000122070312,90034900
2006-11-30,140.52999877929688,83994300
2006-12-01,140.22000122070312,126080000
2006-12-04,141.2899932861328,87813200
2006-12-05,141.89999389648438,73374400
2006-12-06,141.77999877929688,53253200
2006-12-07,141.16000366210938,62857400
2006-12-08,141.4199981689453,79625500
2006-12-11,141.8300018310547,39779400
2006-12-12,141.72000122070312,77451600
2006-12-13,141.8699951171875,55520200
2006-12-14,143.1199951171875,64755200
2006-12-15,142.33999633789062,70857400
2006-12-18,141.9499969482422,48954600
2006-12-19,142.22000122070312,65023600
2006-12-20,142.13999938964844,41469600
2006-12-21,141.6199951171875,48698400
2006-12-22,140.75,62069100
2006-12-26,141.5800018310547,32696900
2006-12-27,142.50999450683594,39727100
2006-12-28,142.2100067138672,37288800
2006-12-29,141.6199951171875,45461200
2007-01-03,141.3699951171875,94807600
2007-01-04,141.6699981689453,69620600
2007-01-05,140.5399932861328,76645300
2007-01-08,141.19000244140625,71655000
2007-01-09,141.07000732421875,75680100
2007-01-10,141.5399932861328,72428000
2007-01-11,142.16000366210938,54476800
2007-01-12,143.24000549316406,55370600
2007-01-16,142.9600067138672,44871300
2007-01-17,143.02000427246094,50241400
2007-01-18,142.5399932861328,68177300
2007-01-19,142.82000732421875,56973000
2007-01-22,142.3800048828125,60253600
2007-01-23,142.8000030517578,54064400
2007-01-24,143.9499969482422,55834700
2007-01-25,142.25999450683594,73583800
2007-01-26,142.1300048828125,67255600
2007-01-29,142.0500030517578,66114600
2007-01-30,142.7899932861328,70407600
2007-01-31,143.75,91868600
2007-02-01,144.61000061035156,69312400
2007-02-02,144.80999755859375,49607000
2007-02-05,144.85000610351562,45705300
2007-02-06,144.88999938964844,57081300
2007-02-07,145.2100067138672,55669700
2007-02-08,145.02000427246094,70641000
2007-02-09,143.94000244140625,79084400
2007-02-12,143.4499969482422,65657000
2007-02-13,144.66000366210938,64081800
2007-02-14,145.61000061035156,66039400
2007-02-15,145.8000030517578,38715200
2007-02-16,145.72999572753906,39841800
2007-02-20,146.0399932861328,56911800
2007-02-21,145.97999572753906,63971600
2007-02-22,145.8699951171875,79067400
2007-02-23,145.3000030517578,71966200
2007-02-26,145.1699981689453,69192800
2007-02-27,139.5,274466500
2007-02-28,140.92999267578125,177536300
2007-03-01,140.50999450683594,212828600
2007-03-02,138.6699981689453,162574000
2007-03-05,137.35000610351562,143750400
2007-03-06,139.6999969482422,143333300
2007-03-07,139.55999755859375,115144900
2007-03-08,140.74000549316406,117891600
2007-03-09,140.77999877929688,107765100
2007-03-12,140.99000549316406,80366900
2007-03-13,138.25,190605200
2007-03-14,139.27999877929688,231853800
2007-03-15,139.47000122070312,132435900
2007-03-16,138.52999877929688,121531600
2007-03-19,140.1999969482422,96161200
2007-03-20,140.97000122070312,82147400
2007-03-21,143.2899932861328,152368700
2007-03-22,143.17999267578125,118942200
2007-03-23,143.38999938964844,74416800
2007-03-26,143.1999969482422,113787500
2007-03-27,142.86000061035156,99864600
2007-03-28,141.82000732421875,152907900
2007-03-29,141.97000122070312,139432700
2007-03-30,142.0,128194100
2007-04-02,142.16000366210938,79416400
2007-04-03,143.69000244140625,82417800
2007-04-04,143.85000610351562,63995200
2007-04-05,144.24000549316406,46822800
2007-04-09,144.44000244140625,50967400
2007-04-10,144.61000061035156,56620000
2007-04-11,144.02000427246094,106365700
2007-04-12,144.66000366210938,115534400
2007-04-13,145.32000732421875,84287000
2007-04-16,146.6999969482422,83064600
2007-04-17,147.08999633789062,108424100
2007-04-18,147.27000427246094,88345300
2007-04-19,147.22999572753906,102947700
2007-04-20,148.6199951171875,124114100
2007-04-23,148.05999755859375,77270800
2007-04-24,148.1199951171875,114471000
2007-04-25,149.47999572753906,108418800
2007-04-26,149.64999389648438,88741600
2007-04-27,149.52999877929688,108191100
2007-04-30,148.2899932861328,100874100
2007-05-01,148.6699981689453,134342700
2007-05-02,149.5399932861328,87129800
2007-05-03,150.35000610351562,86569700
2007-05-04,150.9199981689453,96409000
2007-05-07,150.9499969482422,63461400
2007-05-08,150.75,80584000
2007-05-09,151.16000366210938,102070100
2007-05-10,149.5800018310547,153617800
2007-05-11,150.86000061035156,113408900
2007-05-14,150.52999877929688,108027500
2007-05-15,150.57000732421875,180673300
2007-05-16,151.60000610351562,114166500
2007-05-17,151.3000030517578,101132800
2007-05-18,152.6199951171875,99182000
2007-05-21,152.5399932861328,174664600
2007-05-22,152.4199981689453,82148800
2007-05-23,152.44000244140625,133786600
2007-05-24,151.05999755859375,187593000
2007-05-25,151.69000244140625,83309200
2007-05-29,152.24000549316406,82020000
2007-05-30,153.47999572753906,129013600
2007-05-31,153.32000732421875,114866700
2007-06-01,154.0800018310547,107771700
2007-06-04,154.10000610351562,78008800
2007-06-05,153.49000549316406,126917900
2007-06-06,151.83999633789062,164096800
2007-06-07,149.10000610351562,232414600
2007-06-08,151.0399932861328,175886000
2007-06-11,151.3000030517578,102015600
2007-06-12,149.64999389648438,233898000
2007-06-13,151.88999938964844,193208200
2007-06-14,152.86000061035156,146396500
2007-06-15,153.07000732421875,154030800
2007-06-18,152.88999938964844,88537500
2007-06-19,153.27000427246094,110851700
2007-06-20,151.13999938964844,177119700
2007-06-21,151.97999572753906,205262000
2007-06-22,150.5500030517578,204964700
2007-06-25,149.8300018310547,232014400
2007-06-26,148.2899932861328,198445700
2007-06-27,150.39999389648438,213638000
2007-06-28,150.3800048828125,157705000
2007-06-29,150.42999267578125,199701800
2007-07-02,151.7899932861328,103357000
2007-07-03,152.33999633789062,54048400
2007-07-05,152.17999267578125,89279000
2007-07-06,152.97999572753906,81109000
2007-07-09,153.10000610351562,72348100
2007-07-10,150.9199981689453,180362600
2007-07-11,151.99000549316406,175607600
2007-07-12,154.38999938964844,133882500
2007-07-13,154.85000610351562,111794300
2007-07-16,154.8300018310547,98378700
2007-07-17,154.75,126201300
2007-07-18,154.47000122070312,237887400
2007-07-19,155.07000732421875,145212700
2007-07-20,153.5,245502500
2007-07-23,153.97000122070312,121183900
2007-07-24,151.3000030517578,256732400
2007-07-25,151.61000061035156,265214500
2007-07-26,148.02000427246094,467592500
2007-07-27,145.11000061035156,422987600
2007-07-30,147.3800048828125,283017500
2007-07-31,145.72000122070312,316976700
2007-08-01,146.42999267578125,467670000
2007-08-02,147.60000610351562,294758400
2007-08-03,143.8000030517578,359398200
2007-08-06,146.2100067138672,324980000
2007-08-07,147.77000427246094,232568700
2007-08-08,149.8300018310547,274930600
2007-08-09,145.38999938964844,357622100
2007-08-10,144.7100067138672,411018400
2007-08-13,145.22999572753906,181917200
2007-08-14,143.00999450683594,264134500
2007-08-15,141.0399932861328,323834000
2007-08-16,142.10000610351562,546743700
2007-08-17,144.7100067138672,388218100
2007-08-20,144.63999938964844,187320400
2007-08-21,144.92999267578125,157066400
2007-08-22,146.64999389648438,173156700
2007-08-23,146.52000427246094,203915300
2007-08-24,148.3300018310547,128901900
2007-08-27,146.9499969482422,113024300
2007-08-28,143.72000122070312,219790700
2007-08-29,146.5399932861328,207654200
2007-08-30,146.14999389648438,191817300
2007-08-31,147.58999633789062,185477500
2007-09-04,149.0800018310547,120062000
2007-09-05,147.7899932861328,166261800
2007-09-06,148.1300048828125,127878400
2007-09-07,146.07000732421875,235447600
2007-09-10,145.7899932861328,192305900
2007-09-11,147.49000549316406,162081900
2007-09-12,147.8699951171875,149554600
2007-09-13,148.91000366210938,154079000
2007-09-14,148.89999389648438,121911000
2007-09-17,148.10000610351562,109870800
2007-09-18,152.4600067138672,263759500
2007-09-19,153.36000061035156,193779900
2007-09-20,152.27999877929688,175186800
2007-09-21,151.97000122070312,141457500
2007-09-24,151.69000244140625,139450200
2007-09-25,151.38999938964844,142289900
2007-09-26,152.19000244140625,135547000
2007-09-27,153.08999633789062,102713300
2007-09-28,152.5800018310547,133372100
2007-10-01,154.3000030517578,148162300
2007-10-02,154.08999633789062,112978800
2007-10-03,153.77999877929688,119055900
2007-10-04,154.02000427246094,76864400
2007-10-05,155.85000610351562,134579700
2007-10-08,155.02000427246094,71280400
2007-10-09,156.47999572753906,94054300
2007-10-10,156.22000122070312,101711100
2007-10-11,155.47000122070312,233529100
2007-10-12,156.3300018310547,124546700
2007-10-15,155.00999450683594,161151900
2007-10-16,153.77999877929688,166525700
2007-10-17,154.25,216687300
2007-10-18,153.69000244140625,148367500
2007-10-19,149.6699981689453,297169900
2007-10-22,150.5399932861328,261989800
2007-10-23,151.75999450683594,180085100
2007-10-24,151.47999572753906,326694200
2007-10-25,151.83999633789062,237374500
2007-10-26,153.6199951171875,176484000
2007-10-29,154.1300048828125,106841000
2007-10-30,153.05999755859375,132981600
2007-10-31,154.64999389648438,220954400
2007-11-01,151.02999877929688,333040800
2007-11-02,151.1999969482422,331228200
2007-11-05,150.0500030517578,226841000
2007-11-06,152.07000732421875,177800500
2007-11-07,147.91000366210938,306639700
2007-11-08,147.16000366210938,374509900
2007-11-09,145.13999938964844,277745100
2007-11-12,143.6999969482422,243087800
2007-11-13,148.0800018310547,191117400
2007-11-14,147.6699981689453,230558800
2007-11-15,145.5399932861328,263111100
2007-11-16,145.7899932861328,308770600
2007-11-19,143.75999450683594,267746000
2007-11-20,144.63999938964844,414767500
2007-11-21,141.67999267578125,259012400
2007-11-23,144.1300048828125,77688400
2007-11-26,140.9499969482422,214232000
2007-11-27,142.57000732421875,293897900
2007-11-28,147.1300048828125,258596900
2007-11-29,147.17999267578125,199409900
2007-11-30,148.66000366210938,222908000
2007-12-03,147.67999267578125,146430400
2007-12-04,146.36000061035156,136533900
2007-12-05,148.80999755859375,171130000
2007-12-06,150.94000244140625,154457400
2007-12-07,150.91000366210938,148980100
2007-12-10,152.0800018310547,123914300
2007-12-11,147.91000366210938,250346400
2007-12-12,149.3699951171875,322435600
2007-12-13,149.05999755859375,237551300
2007-12-14,147.1699981689453,159152900
2007-12-17,145.07000732421875,177269400
2007-12-18,145.8800048828125,245569300
2007-12-19,145.8800048828125,198917200
2007-12-20,146.8000030517578,214813800
2007-12-21,148.1300048828125,146084400
2007-12-24,149.22999572753906,45601400
2007-12-26,149.5500030517578,67093100
2007-12-27,147.6699981689453,122981700
2007-12-28,147.3000030517578,116398100
2007-12-31,146.2100067138672,108126800
2008-01-02,144.92999267578125,204935600
2008-01-03,144.86000061035156,125133300
2008-01-04,141.30999755859375,232330900
2008-01-07,141.19000244140625,234991000
2008-01-08,138.91000366210938,326365700
2008-01-09,140.3699951171875,301824900
2008-01-10,141.2899932861328,335701200
2008-01-11,140.14999389648438,267076600
2008-01-14,141.27999877929688,170365500
2008-01-15,138.1699981689453,239940100
2008-01-16,136.97999572753906,378802600
2008-01-17,133.42999267578125,397892600
2008-01-18,132.05999755859375,348561500
2008-01-22,130.72000122070312,435923700
2008-01-23,133.86000061035156,511913000
2008-01-24,134.99000549316406,259949300
2008-01-25,133.0399932861328,269603900
2008-01-28,135.24000549316406,217934600
2008-01-29,135.91000366210938,168968300
2008-01-30,134.91000366210938,334939200
2008-01-31,137.3699951171875,343680800
2008-02-01,139.5800018310547,206843600
2008-02-04,137.82000732421875,124694300
2008-02-05,134.1300048828125,286882500
2008-02-06,133.0500030517578,250792900
2008-02-07,133.92999267578125,297368100
2008-02-08,133.07000732421875,221643500
2008-02-11,133.75,188576300
2008-02-12,134.99000549316406,256654400
2008-02-13,136.3699951171875,181967800
2008-02-14,135.1699981689453,215207200
2008-02-15,135.13999938964844,154110300
2008-02-19,135.52000427246094,145190000
2008-02-20,135.9199981689453,220085700
2008-02-21,134.7899932861328,201051200
2008-02-22,135.6199951171875,205491000
2008-02-25,137.3300018310547,190107000
2008-02-26,138.36000061035156,212420700
2008-02-27,138.22000122070312,168395800
2008-02-28,136.8699951171875,170831100
2008-02-29,133.82000732421875,252715200
2008-03-03,133.5,189483500
2008-03-04,132.99000549316406,282513100
2008-03-05,133.8300018310547,270681400
2008-03-06,131.05999755859375,247911700
2008-03-07,129.7100067138672,326434600
2008-03-10,128.0,235683600
2008-03-11,132.60000610351562,341440600
2008-03-12,131.36000061035156,229161100
2008-03-13,131.64999389648438,351504200
2008-03-14,129.61000061035156,484687800
2008-03-17,128.3000030517578,405311100
2008-03-18,133.6300048828125,334416600
2008-03-19,130.32000732421875,345971600
2008-03-20,132.0800018310547,245320700
2008-03-24,134.72000122070312,208977300
2008-03-25,134.85000610351562,192947200
2008-03-26,133.1999969482422,196934300
2008-03-27,132.77999877929688,225153200
2008-03-28,131.50999450683594,180896100
2008-03-31,131.97000122070312,166692100
2008-04-01,136.61000061035156,254547300
2008-04-02,136.6999969482422,210910800
2008-04-03,137.0399932861328,175884800
2008-04-04,136.88999938964844,204446800
2008-04-07,136.9600067138672,154245500
2008-04-08,136.82000732421875,148937300
2008-04-09,135.8300018310547,195610600
2008-04-10,136.02000427246094,192967800
2008-04-11,133.3800048828125,222973300
2008-04-14,132.92999267578125,160522000
2008-04-15,133.24000549316406,172389200
2008-04-16,136.85000610351562,189268900
2008-04-17,137.0500030517578,179665700
2008-04-18,138.47999572753906,218530600
2008-04-21,138.5500030517578,118587400
2008-04-22,137.94000244140625,162166000
2008-04-23,137.72000122070312,193309000
2008-04-24,138.32000732421875,229381300
2008-04-25,139.60000610351562,190788100
2008-04-28,139.6300048828125,105610200
2008-04-29,139.0800018310547,125514100
2008-04-30,138.25999450683594,208395900
2008-05-01,141.1199951171875,187279500
2008-05-02,141.50999450683594,181585500
2008-05-05,140.8300018310547,118504500
2008-05-06,142.0500030517578,179339800
2008-05-07,139.52000427246094,199267300
2008-05-08,139.16000366210938,178321200
2008-05-09,138.89999389648438,152588200
2008-05-12,140.4600067138672,147865900
2008-05-13,140.47999572753906,159132200
2008-05-14,140.77000427246094,181910800
2008-05-15,142.52999877929688,166927000
2008-05-16,142.66000366210938,204236800
2008-05-19,143.0500030517578,165664400
2008-05-20,141.88999938964844,178552100
2008-05-21,139.49000549316406,252724800
2008-05-22,139.50999450683594,170820400
2008-05-23,137.63999938964844,181376400
2008-05-27,138.66000366210938,168322900
2008-05-28,139.3000030517578,181288100
2008-05-29,140.0,173927200
2008-05-30,140.35000610351562,117362000
2008-06-02,138.89999389648438,181069900
2008-06-03,138.08999633789062,271965700
2008-06-04,138.02000427246094,246637700
2008-06-05,140.77999877929688,237867100
2008-06-06,136.2899932861328,384276300
2008-06-09,136.6199951171875,228263900
2008-06-10,135.94000244140625,260234900
2008-06-11,133.94000244140625,283890100
2008-06-12,134.4499969482422,252791800
2008-06-13,136.14999389648438,244726900
2008-06-16,136.22999572753906,185832500
2008-06-17,135.57000732421875,191707700
2008-06-18,134.25,265893000
2008-06-19,134.4199981689453,304204900
2008-06-20,131.5800018310547,289275700
2008-06-23,131.4499969482422,165096400
2008-06-24,131.19000244140625,267300600
2008-06-25,131.80999755859375,287853900
2008-06-26,128.22999572753906,297775000
2008-06-27,127.52999877929688,303423400
2008-06-30,127.9800033569336,258842600
2008-07-01,128.3800048828125,388622000
2008-07-02,126.18000030517578,288064600
2008-07-03,126.30999755859375,239352500
2008-07-07,125.0199966430664,372427300
2008-07-08,127.23999786376953,375973700
2008-07-09,124.79000091552734,336729400
2008-07-10,125.30000305175781,436475700
2008-07-11,123.83999633789062,481124600
2008-07-14,122.72000122070312,322720800
2008-07-15,120.98999786376953,502502500
2008-07-16,123.95999908447266,371642900
2008-07-17,125.19999694824219,375490600
2008-07-18,125.9800033569336,267030100
2008-07-21,126.05000305175781,222863000
2008-07-22,127.4800033569336,296904200
2008-07-23,128.1699981689453,311698400
2008-07-24,125.51000213623047,248634500
2008-07-25,125.4800033569336,219131000
2008-07-28,123.63999938964844,205201300
2008-07-29,126.27999877929688,261505600
2008-07-30,128.52999877929688,354710000
2008-07-31,126.83000183105469,277402100
2008-08-01,126.16000366210938,248690900
2008-08-04,124.98999786376953,188239600
2008-08-05,128.36000061035156,251577600
2008-08-06,128.92999267578125,209555400
2008-08-07,127.01000213623047,246312500
2008-08-08,129.3699951171875,260811700
2008-08-11,130.7100067138672,249425800
2008-08-12,129.35000610351562,213200800
2008-08-13,128.57000732421875,256393200
2008-08-14,129.5399932861328,239555300
2008-08-15,130.1699981689453,181000800
2008-08-18,128.38999938964844,172275100
2008-08-19,126.98999786376953,194673700
2008-08-20,127.58000183105469,225498200
2008-08-21,127.80000305175781,180609800
2008-08-22,129.64999389648438,167715300
2008-08-25,127.0199966430664,171936900
2008-08-26,127.38999938964844,159117200
2008-08-27,128.6300048828125,171032800
2008-08-28,130.19000244140625,167537100
2008-08-29,128.7899932861328,189195800
2008-09-02,127.98999786376953,252364900
2008-09-03,127.87999725341797,251947000
2008-09-04,124.02999877929688,340042500
2008-09-05,124.41999816894531,289503400
2008-09-08,126.98999786376953,364075300
2008-09-09,123.22000122070312,377326800
2008-09-10,123.72000122070312,298916600
2008-09-11,125.51000213623047,375369400
2008-09-12,126.08999633789062,297851200
2008-09-15,120.08999633789062,483607000
2008-09-16,122.0999984741211,581744300
2008-09-17,116.61000061035156,624095600
2008-09-18,120.06999969482422,776114700
2008-09-19,124.12000274658203,501087800
2008-09-22,121.30999755859375,249966500
2008-09-23,118.55000305175781,327470400
2008-09-24,118.93000030517578,311818400
2008-09-25,120.79000091552734,328253000
2008-09-26,120.8499984741211,285917400
2008-09-29,111.37999725341797,459562300
2008-09-30,115.98999786376953,328154400
2008-10-01,116.05999755859375,332783000
2008-10-02,111.8499984741211,365337800
2008-10-03,110.33999633789062,461798000
2008-10-06,104.72000122070312,610637500
2008-10-07,100.02999877929688,540012100
2008-10-08,97.51000213623047,725414800
2008-10-09,90.69999694824219,534485200
2008-10-10,88.5,871026300
2008-10-13,101.3499984741211,455584000
2008-10-14,99.8499984741211,546268300
2008-10-15,90.0199966430664,484627500
2008-10-16,93.7699966430664,708811200
2008-10-17,93.20999908447266,476649000
2008-10-20,98.80999755859375,321294200
2008-10-21,95.86000061035156,356502000
2008-10-22,90.63999938964844,516168000
2008-10-23,91.69000244140625,634666400
2008-10-24,87.04000091552734,545812600
2008-10-27,83.94999694824219,397288600
2008-10-28,93.76000213623047,639939500
2008-10-29,93.08000183105469,531270100
2008-10-30,96.30000305175781,414582100
2008-10-31,96.83000183105469,411394000
2008-11-03,97.11000061035156,205419400
2008-11-04,100.41000366210938,346793400
2008-11-05,96.19000244140625,387844100
2008-11-06,90.86000061035156,477721900
2008-11-07,93.86000061035156,380391000
2008-11-10,92.62999725341797,301773000
2008-11-11,89.7699966430664,418498200
2008-11-12,85.81999969482422,454330600
2008-11-13,91.16999816894531,753141900
2008-11-14,86.62000274658203,540352300
2008-11-17,85.47000122070312,415254900
2008-11-18,87.08000183105469,523811800
2008-11-19,81.5,558327600
2008-11-20,75.44999694824219,814180400
2008-11-21,79.5199966430664,718536500
2008-11-24,85.02999877929688,523305300
2008-11-25,85.66000366210938,454112400
2008-11-26,88.97000122070312,370134200
2008-11-28,90.08999633789062,118308100
2008-12-01,82.11000061035156,369927100
2008-12-02,85.2699966430664,469508400
2008-12-03,87.31999969482422,519863500
2008-12-04,85.30000305175781,444173800
2008-12-05,87.93000030517578,471905300
2008-12-08,91.0,412859300
2008-12-09,89.5,370790000
2008-12-10,90.11000061035156,396187400
2008-12-11,87.94000244140625,365061000
2008-12-12,88.98999786376953,415060400
2008-12-15,87.75,256694200
2008-12-16,91.87999725341797,377699500
2008-12-17,90.98999786376953,281819800
2008-12-18,89.29000091552734,374673300
2008-12-19,88.19000244140625,301451300
2008-12-22,87.05999755859375,243759500
2008-12-23,86.16000366210938,221625200
2008-12-24,86.66000366210938,62061600
2008-12-26,87.16000366210938,74767700
2008-12-29,86.91000366210938,127795900
2008-12-30,88.97000122070312,168256300
2008-12-31,90.23999786376953,193987200
2009-01-02,92.95999908447266,227566300
2009-01-05,92.8499984741211,240349700
2009-01-06,93.47000122070312,328260900
2009-01-07,90.66999816894531,280899200
2009-01-08,91.04000091552734,263834400
2009-01-09,89.08999633789062,330953600
2009-01-12,86.94999694824219,277858500
2009-01-13,87.11000061035156,356432300
2009-01-14,84.37000274658203,435491600
2009-01-15,84.4000015258789,532647300
2009-01-16,85.05999755859375,399237200
2009-01-20,80.56999969482422,419855200
2009-01-21,84.05000305175781,364360700
2009-01-22,82.75,427940300
2009-01-23,83.11000061035156,386800600
2009-01-26,83.68000030517578,317978800
2009-01-27,84.52999877929688,273789700
2009-01-28,87.38999938964844,330007000
2009-01-29,84.55000305175781,294392500
2009-01-30,82.83000183105469,383383600
2009-02-02,82.58000183105469,288233300
2009-02-03,83.73999786376953,278385800
2009-02-04,83.33000183105469,322989300
2009-02-05,84.56999969482422,417679400
2009-02-06,86.9800033569336,366101700
2009-02-09,87.0999984741211,240075200
2009-02-10,83.11000061035156,536212800
2009-02-11,83.5999984741211,324442500
2009-02-12,83.66000366210938,469302200
2009-02-13,82.76000213623047,293998400
2009-02-17,79.22000122070312,478910100
2009-02-18,79.02999877929688,362964800
2009-02-19,78.18000030517578,316867500
2009-02-20,77.41999816894531,477176600
2009-02-23,74.6500015258789,379641400
2009-02-24,77.4800033569336,426260900
2009-02-25,76.87000274658203,461985800
2009-02-26,75.62000274658203,363353900
2009-02-27,73.93000030517578,470510900
2009-03-02,70.5999984741211,426452600
2009-03-03,70.06999969482422,443761000
2009-03-04,71.7300033569336,462753100
2009-03-05,68.80000305175781,485549400
2009-03-06,68.91999816894531,490470000
2009-03-09,68.11000061035156,379905300
2009-03-10,72.16999816894531,406227900
2009-03-11,72.63999938964844,356648300
2009-03-12,75.5,409702700
2009-03-13,76.08999633789062,337474700
2009-03-16,75.86000061035156,360644900
2009-03-17,78.18000030517578,356814300
2009-03-18,79.93000030517578,473273200
2009-03-19,78.94000244140625,428520400
2009-03-20,76.70999908447266,371078200
2009-03-23,82.22000122070312,419933300
2009-03-24,80.5999984741211,330271000
2009-03-25,81.44999694824219,441775100
2009-03-26,83.11000061035156,422025200
2009-03-27,81.61000061035156,322332300
2009-03-30,78.79000091552734,324108500
2009-03-31,79.5199966430664,364238300
2009-04-01,81.05999755859375,377018300
2009-04-02,83.43000030517578,476230700
2009-04-03,84.26000213623047,284646300
2009-04-06,83.5999984741211,264866600
2009-04-07,81.6500015258789,258947800
2009-04-08,82.52999877929688,230402800
2009-04-09,85.80999755859375,269653500
2009-04-13,85.83000183105469,224847500
2009-04-14,84.3499984741211,276598800
2009-04-15,85.25,250726100
2009-04-16,86.5,335202900
2009-04-17,87.08000183105469,262649000
2009-04-20,83.43000030517578,293690100
2009-04-21,85.05999755859375,114090900
2009-04-22,84.54000091552734,340395200
2009-04-23,85.37000274658203,324903700
2009-04-24,86.66000366210938,287703000
2009-04-27,85.83999633789062,289581600
2009-04-28,85.56999969482422,247926300
2009-04-29,87.38999938964844,311505700
2009-04-30,87.41999816894531,301419800
2009-05-01,87.88999938964844,236110300
2009-05-04,90.87999725341797,287120000
2009-05-05,90.56999969482422,243036300
2009-05-06,92.13999938964844,291941000
2009-05-07,90.86000061035156,317728000
2009-05-08,92.9800033569336,299081700
2009-05-11,91.23999786376953,247923600
2009-05-12,90.97000122070312,282431300
2009-05-13,88.68000030517578,269619100
2009-05-14,89.44000244140625,260098700
2009-05-15,88.70999908447266,271502700
2009-05-18,91.2300033569336,241447400
2009-05-19,91.12000274658203,206102200
2009-05-20,90.51000213623047,285722200
2009-05-21,89.20999908447266,258988400
2009-05-22,89.0199966430664,166811900
2009-05-26,91.30000305175781,236318500
2009-05-27,89.66999816894531,246015800
2009-05-28,90.91999816894531,289095000
2009-05-29,92.52999877929688,258641500
2009-06-01,94.7699966430664,276246800
2009-06-02,94.8499984741211,230874500
2009-06-03,93.6500015258789,235310500
2009-06-04,94.52999877929688,210102300
2009-06-05,94.55000305175781,284257900
2009-06-08,94.16000366210938,238565100
2009-06-09,94.63999938964844,225125500
2009-06-10,94.4000015258789,296100400
2009-06-11,94.81999969482422,275414200
2009-06-12,95.08000183105469,184361800
2009-06-15,92.9000015258789,224190500
2009-06-16,91.63999938964844,227319000
2009-06-17,91.55000305175781,223445200
2009-06-18,92.22000122070312,211725100
2009-06-19,92.04000091552734,215655600
2009-06-22,89.27999877929688,251913600
2009-06-23,89.3499984741211,188309800
2009-06-24,90.12000274658203,211577700
2009-06-25,92.08000183105469,279411000
2009-06-26,91.83999633789062,167579000
2009-06-29,92.69999694824219,168481300
2009-06-30,91.94999694824219,228888200
2009-07-01,92.33000183105469,173041100
2009-07-02,89.80999755859375,212309900
2009-07-06,89.80000305175781,174499600
2009-07-07,88.05999755859375,197088900
2009-07-08,88.0,248050500
2009-07-09,88.16999816894531,163777600
2009-07-10,87.95999908447266,173520300
2009-07-13,90.0999984741211,217413500
2009-07-14,90.61000061035156,181487400
2009-07-15,93.26000213623047,220877900
2009-07-16,93.11000061035156,231174500
2009-07-17,94.12999725341797,138561700
2009-07-20,95.12999725341797,164179400
2009-07-21,95.56999969482422,217718300
2009-07-22,95.55000305175781,196068100
2009-07-23,97.66000366210938,258795500
2009-07-24,98.05999755859375,154003100
2009-07-27,98.3499984741211,159259400
2009-07-28,97.88999938964844,186685200
2009-07-29,97.6500015258789,194399300
2009-07-30,98.66999816894531,225575400
2009-07-31,98.80999755859375,207358000
2009-08-03,100.44000244140625,175776900
2009-08-04,100.69999694824219,176714600
2009-08-05,100.41000366210938,184726400
2009-08-06,99.88999938964844,193203800
2009-08-07,101.19999694824219,220640900
2009-08-10,100.98999786376953,130898700
2009-08-11,99.7300033569336,157301000
2009-08-12,100.80000305175781,219052400
2009-08-13,101.56999969482422,176449500
2009-08-14,100.79000091552734,199616100
2009-08-17,98.30999755859375,237667500
2009-08-18,99.08999633789062,173461500
2009-08-19,99.95999908447266,192812800
2009-08-20,100.98999786376953,174131300
2009-08-21,102.97000122070312,224605000
2009-08-24,102.95999908447266,191279000
2009-08-25,103.16000366210938,215310600
2009-08-26,103.16999816894531,194620700
2009-08-27,103.4000015258789,196230100
2009-08-28,103.37999725341797,147024400
2009-08-31,102.45999908447266,176051600
2009-09-01,100.19999694824219,321276800
2009-09-02,99.81999969482422,171805000
2009-09-03,100.6500015258789,143572300
2009-09-04,102.05999755859375,142687900
2009-09-08,102.94000244140625,132909100
2009-09-09,103.7300033569336,154612500
2009-09-10,104.79000091552734,162902400
2009-09-11,104.7699966430664,152360100
2009-09-14,105.27999877929688,149593800
2009-09-15,105.72000122070312,196795900
2009-09-16,107.31999969482422,206406300
2009-09-17,107.16000366210938,229170900
2009-09-18,106.72000122070312,153799100
2009-09-21,106.44999694824219,151892000
2009-09-22,107.06999969482422,143126700
2009-09-23,106.18000030517578,225947400
2009-09-24,105.01000213623047,228636800
2009-09-25,104.44999694824219,204059000
2009-09-28,106.31999969482422,118285800
2009-09-29,106.0,133733900
2009-09-30,105.58999633789062,254383000
2009-10-01,102.97000122070312,281840600
2009-10-02,102.48999786376953,224748800
2009-10-05,104.0199966430664,149875000
2009-10-06,105.51000213623047,202491100
2009-10-07,105.80000305175781,159200300
2009-10-08,106.61000061035156,183305800
2009-10-09,107.26000213623047,135008300
2009-10-12,107.68000030517578,118031000
2009-10-13,107.45999908447266,157692700
2009-10-14,109.30999755859375,191421600
2009-10-15,109.70999908447266,173873600
2009-10-16,108.88999938964844,192069400
2009-10-19,109.79000091552734,159530400
2009-10-20,109.20999908447266,180921100
2009-10-21,108.2300033569336,225379300
2009-10-22,109.33000183105469,238444000
2009-10-23,108.08000183105469,240033200
2009-10-26,106.91000366210938,242028200
2009-10-27,106.41999816894531,253266300
2009-10-28,104.41000366210938,248821400
2009-10-29,106.6500015258789,198110600
2009-10-30,103.55999755859375,325608100
2009-11-02,104.31999969482422,254222900
2009-11-03,104.6500015258789,228362600
2009-11-04,104.91999816894531,247996700
2009-11-05,106.8499984741211,180015300
2009-11-06,107.12999725341797,170954100
2009-11-09,109.56999969482422,159495700
2009-11-10,109.58999633789062,171899800
2009-11-11,110.1500015258789,169466200
2009-11-12,109.02999877929688,157144500
2009-11-13,109.62000274658203,150963000
2009-11-16,111.20999908447266,210922200
2009-11-17,111.33999633789062,147134100
2009-11-18,111.2699966430664,156486800
2009-11-19,109.81999969482422,208734600
2009-11-20,109.43000030517578,134196000
2009-11-23,110.81999969482422,148010200
2009-11-24,110.98999786376953,138420100
2009-11-25,111.37999725341797,109564800
2009-11-27,109.56999969482422,126001800
2009-11-30,109.94000244140625,160874800
2009-12-01,111.30000305175781,159613700
2009-12-02,111.25,132315100
2009-12-03,110.37999725341797,167324900
2009-12-04,111.01000213623047,274907800
2009-12-07,110.83999633789062,127973800
2009-12-08,109.61000061035156,169863700
2009-12-09,110.0199966430664,155063400
2009-12-10,110.63999938964844,138014600
2009-12-11,111.11000061035156,124854000
2009-12-14,111.87000274658203,107141500
2009-12-15,111.3499984741211,120408800
2009-12-16,111.5199966430664,155358200
2009-12-17,110.18000030517578,183390100
2009-12-18,110.20999908447266,174591200
2009-12-21,111.33000183105469,118039600
2009-12-22,111.7300033569336,91707500
2009-12-23,111.94999694824219,111783100
2009-12-24,112.4800033569336,39677500
2009-12-28,112.72000122070312,87508500
2009-12-29,112.55999755859375,80572500
2009-12-30,112.5199966430664,73138400
2009-12-31,111.44000244140625,90637900
2010-01-04,113.33000183105469,118944600
2010-01-05,113.62999725341797,111579900
2010-01-06,113.70999908447266,116074400
2010-01-07,114.19000244140625,131091100
2010-01-08,114.56999969482422,126402800
2010-01-11,114.7300033569336,106375700
2010-01-12,113.66000366210938,163333500
2010-01-13,114.62000274658203,161822000
2010-01-14,114.93000030517578,115718800
2010-01-15,113.63999938964844,212283100
2010-01-19,115.05999755859375,139172700
2010-01-20,113.88999938964844,216490200
2010-01-21,111.69999694824219,344859600
2010-01-22,109.20999908447266,345942400
2010-01-25,109.7699966430664,186937500
2010-01-26,109.30999755859375,211168800
2010-01-27,109.83000183105469,271863600
2010-01-28,108.56999969482422,316104000
2010-01-29,107.38999938964844,310677600
2010-02-01,109.05999755859375,187865000
2010-02-02,110.37999725341797,216327900
2010-02-03,109.83000183105469,172730700
2010-02-04,106.44000244140625,356715700
2010-02-05,106.66000366210938,493585800
2010-02-08,105.88999938964844,224166900
2010-02-09,107.22000122070312,337820500
2010-02-10,107.01000213623047,240511500
2010-02-11,108.12999725341797,223591600
2010-02-12,108.04000091552734,304622100
2010-02-16,109.73999786376953,159317500
2010-02-17,110.26000213623047,168845100
2010-02-18,110.91000366210938,193708600
2010-02-19,111.13999938964844,222684900
2010-02-22,111.16000366210938,132346900
2010-02-23,109.80999755859375,207497000
2010-02-24,110.81999969482422,176350700
2010-02-25,110.66999816894531,259634700
2010-02-26,110.73999786376953,173589300
2010-03-01,111.88999938964844,147709700
2010-03-02,112.19999694824219,160992400
2010-03-03,112.30000305175781,150785000
2010-03-04,112.63999938964844,135770400
2010-03-05,114.25,176118800
2010-03-08,114.2699966430664,114631200
2010-03-09,114.45999908447266,154556700
2010-03-10,114.97000122070312,186088800
2010-03-11,115.44999694824219,160791100
2010-03-12,115.45999908447266,162074800
2010-03-15,115.48999786376953,146816800
2010-03-16,116.41000366210938,168673000
2010-03-17,117.0999984741211,177468100
2010-03-18,117.04000091552734,196509100
2010-03-19,115.97000122070312,226641100
2010-03-22,116.58999633789062,184477800
2010-03-23,117.41000366210938,182941600
2010-03-24,116.83999633789062,196072600
2010-03-25,116.6500015258789,223396300
2010-03-26,116.58000183105469,205808500
2010-03-29,117.31999969482422,134513500
2010-03-30,117.4000015258789,145772500
2010-03-31,117.0,161078700
2010-04-01,117.80000305175781,161215200
2010-04-05,118.76000213623047,105847600
2010-04-06,119.04000091552734,110384200
2010-04-07,118.36000061035156,184576300
2010-04-08,118.7699966430664,158704000
2010-04-09,119.55000305175781,133006500
2010-04-12,119.73999786376953,110279000
2010-04-13,119.83000183105469,125043600
2010-04-14,121.19000244140625,161609000
2010-04-15,121.29000091552734,144615300
2010-04-16,119.36000061035156,366786700
2010-04-19,119.80999755859375,217947800
2010-04-20,120.87999725341797,157708000
2010-04-21,120.66000366210938,192910100
2010-04-22,121.0199966430664,115360300
2010-04-23,121.80999755859375,177335500
2010-04-26,121.3499984741211,143457300
2010-04-27,118.4800033569336,355853300
2010-04-28,119.37999725341797,300674100
2010-04-29,120.86000061035156,193775000
2010-04-30,118.80999755859375,270000900
2010-05-03,120.3499984741211,182747900
2010-05-04,117.5199966430664,360353400
2010-05-05,116.81999969482422,328973200
2010-05-06,112.94000244140625,647356600
2010-05-07,111.26000213623047,637558800
2010-05-10,116.16000366210938,396159600
2010-05-11,115.83000183105469,317849800
2010-05-12,117.44999694824219,235607100
2010-05-13,115.98999786376953,234452500
2010-05-14,113.88999938964844,345601400
2010-05-17,113.94999694824219,325739800
2010-05-18,112.4000015258789,360556800
2010-05-19,111.76000213623047,394742700
2010-05-20,107.54000091552734,530418300
2010-05-21,109.11000061035156,500909400
2010-05-24,107.70999908447266,269823000
2010-05-25,107.81999969482422,396505200
2010-05-26,107.16999816894531,349719300
2010-05-27,110.76000213623047,300870500
2010-05-28,109.37000274658203,297933500
2010-06-01,107.52999877929688,277909400
2010-06-02,110.33000183105469,240243700
2010-06-03,110.70999908447266,226618300
2010-06-04,106.81999969482422,398475600
2010-06-07,105.48999786376953,264609100
2010-06-08,106.62000274658203,357774300
2010-06-09,106.05000305175781,268023300
2010-06-10,109.1500015258789,317890600
2010-06-11,109.68000030517578,214128200
2010-06-14,109.51000213623047,207196100
2010-06-15,112.0,238268700
2010-06-16,111.95999908447266,216374000
2010-06-17,112.13999938964844,263185800
2010-06-18,111.7300033569336,174006600
2010-06-21,111.41000366210938,213140700
2010-06-22,109.56999969482422,239355400
2010-06-23,109.2300033569336,254639900
2010-06-24,107.41999816894531,268523600
2010-06-25,107.87000274658203,238726500
2010-06-28,107.52999877929688,169218600
2010-06-29,104.20999908447266,373649500
2010-06-30,103.22000122070312,284101700
2010-07-01,102.76000213623047,382924800
2010-07-02,102.19999694824219,233385200
2010-07-06,102.87000274658203,256935300
2010-07-07,106.11000061035156,253769400
2010-07-08,107.16000366210938,210842100
2010-07-09,107.95999908447266,144999900
2010-07-12,108.02999877929688,131283600
2010-07-13,109.66000366210938,213025900
2010-07-14,109.6500015258789,184426800
2010-07-15,109.68000030517578,232337900
2010-07-16,106.66000366210938,282693400
2010-07-19,107.29000091552734,186709000
2010-07-20,108.4800033569336,258162400
2010-07-21,107.06999969482422,264527000
2010-07-22,109.45999908447266,274781300
2010-07-23,110.41000366210938,222020800
2010-07-26,111.55999755859375,184445700
2010-07-27,111.55000305175781,204855600
2010-07-28,110.83000183105469,163056200
2010-07-29,110.29000091552734,220149100
2010-07-30,110.2699966430664,220070600
2010-08-02,112.76000213623047,188263200
2010-08-03,112.22000122070312,146657300
2010-08-04,112.97000122070312,158171700
2010-08-05,112.8499984741211,140473800
2010-08-06,112.38999938964844,239728300
2010-08-09,112.98999786376953,120800400
2010-08-10,112.37999725341797,242916300
2010-08-11,109.30000305175781,273406900
2010-08-12,108.62999725341797,239542600
2010-08-13,108.30999755859375,158698500
2010-08-16,108.26000213623047,147895300
2010-08-17,109.58999633789062,172270300
2010-08-18,109.79000091552734,182922100
2010-08-19,107.87999725341797,265847600
2010-08-20,107.52999877929688,209714200
2010-08-23,107.12000274658203,163490300
2010-08-24,105.52999877929688,280677800
2010-08-25,105.94000244140625,272234800
2010-08-26,105.2300033569336,224439500
2010-08-27,106.86000061035156,272649000
2010-08-30,105.30999755859375,167238600
2010-08-31,105.30999755859375,273933100
2010-09-01,108.45999908447266,256828100
2010-09-02,109.47000122070312,156112200
2010-09-03,110.88999938964844,212197300
2010-09-07,109.63999938964844,141973700
2010-09-08,110.41000366210938,149924400
2010-09-09,110.91999816894531,147017900
2010-09-10,111.4800033569336,127819000
2010-09-13,112.72000122070312,178503500
2010-09-14,112.6500015258789,209823600
2010-09-15,113.08000183105469,168608400
2010-09-16,113.05000305175781,199962900
2010-09-17,112.48999786376953,195836900
2010-09-20,114.20999908447266,214555200
2010-09-21,113.9800033569336,268389100
2010-09-22,113.41999816894531,191322400
2010-09-23,112.5,202354300
2010-09-24,114.81999969482422,209671800
2010-09-27,114.2699966430664,128761800
2010-09-28,114.66999816894531,209207500
2010-09-29,114.47000122070312,179665800
2010-09-30,114.12999725341797,287106700
2010-10-01,114.61000061035156,174638700
2010-10-04,113.75,166153200
2010-10-05,116.04000091552734,229634100
2010-10-06,116.02999877929688,148626600
2010-10-07,115.88999938964844,164860000
2010-10-08,116.54000091552734,177760100
2010-10-11,116.6500015258789,103098300
2010-10-12,117.01000213623047,182210000
2010-10-13,117.91999816894531,194347200
2010-10-14,117.45999908447266,217764300
2010-10-15,117.69999694824219,243705000
2010-10-18,118.27999877929688,141204800
2010-10-19,116.7300033569336,280604700
2010-10-20,117.87000274658203,200051800
2010-10-21,118.12999725341797,221585500
2010-10-22,118.3499984741211,108212400
2010-10-25,118.69999694824219,151145700
2010-10-26,118.72000122070312,158982900
2010-10-27,118.37999725341797,190024000
2010-10-28,118.4000015258789,168576000
2010-10-29,118.48999786376953,144305500
2010-11-01,118.52999877929688,174074800
2010-11-02,119.47000122070312,158345900
2010-11-03,119.94999694824219,226702800
2010-11-04,122.26000213623047,215039400
2010-11-05,122.72000122070312,180654100
2010-11-08,122.48999786376953,156107100
2010-11-09,121.61000061035156,186621600
2010-11-10,122.0999984741211,221387400
2010-11-11,121.63999938964844,158017600
2010-11-12,120.19999694824219,239068800
2010-11-15,120.02999877929688,163940800
2010-11-16,118.16000366210938,299566200
2010-11-17,118.22000122070312,172308900
2010-11-18,119.95999908447266,197723700
2010-11-19,120.29000091552734,156852900
2010-11-22,120.19000244140625,181361000
2010-11-23,118.44999694824219,222309000
2010-11-24,120.19999694824219,140046100
2010-11-26,118.80000305175781,76007800
2010-11-29,119.16000366210938,223642300
2010-11-30,118.48999786376953,233930700
2010-12-01,121.01000213623047,221037200
2010-12-02,122.55999755859375,191213600
2010-12-03,122.88999938964844,151288900
2010-12-06,122.76000213623047,103050500
2010-12-07,122.83000183105469,206581000
2010-12-08,123.27999877929688,138019200
2010-12-09,123.76000213623047,123705100
2010-12-10,124.4800033569336,117571700
2010-12-13,124.55999755859375,133812700
2010-12-14,124.66999816894531,147249600
2010-12-15,124.0999984741211,160823100
2010-12-16,124.81999969482422,185035200
2010-12-17,124.30000305175781,141075300
2010-12-20,124.5999984741211,119085500
2010-12-21,125.38999938964844,94965500
2010-12-22,125.77999877929688,78878100
2010-12-23,125.5999984741211,70053700
2010-12-27,125.6500015258789,58126000
2010-12-28,125.83000183105469,55309100
2010-12-29,125.91999816894531,58033100
2010-12-30,125.72000122070312,76616900
2010-12-31,125.75,91218900
2011-01-03,127.05000305175781,138725200
2011-01-04,126.9800033569336,137409700
2011-01-05,127.63999938964844,133975300
2011-01-06,127.38999938964844,122519000
2011-01-07,127.13999938964844,156034600
2011-01-10,126.9800033569336,122401700
2011-01-11,127.43000030517578,110287000
2011-01-12,128.5800018310547,107929200
2011-01-13,128.3699951171875,129048400
2011-01-14,129.3000030517578,117677900
2011-01-18,129.52000427246094,114401300
2011-01-19,128.25,151958400
2011-01-20,128.0800018310547,175745700
2011-01-21,128.3699951171875,151462900
2011-01-24,129.10000610351562,113715500
2011-01-25,129.1699981689453,167552200
2011-01-26,129.6699981689453,141281500
2011-01-27,129.99000549316406,123302700
2011-01-28,127.72000122070312,295637300
2011-01-31,128.67999267578125,149249200
2011-02-01,130.74000549316406,167194300
2011-02-02,130.49000549316406,118323600
2011-02-03,130.77999877929688,145886700
2011-02-04,131.14999389648438,134634800
2011-02-07,131.97000122070312,112439100
2011-02-08,132.57000732421875,99072800
2011-02-09,132.27000427246094,146436700
2011-02-10,132.32000732421875,162708500
2011-02-11,133.11000061035156,137710300
2011-02-14,133.42999267578125,101690700
2011-02-15,133.00999450683594,119575400
2011-02-16,133.85000610351562,130183500
2011-02-17,134.25,109810500
2011-02-18,134.52999877929688,130002400
2011-02-22,131.8300018310547,233116400
2011-02-23,131.02000427246094,227584000
2011-02-24,130.92999267578125,260431400
2011-02-25,132.3300018310547,141686900
2011-02-28,133.14999389648438,141585500
2011-03-01,130.92999267578125,258565500
2011-03-02,131.2100067138672,200277400
2011-03-03,133.47000122070312,176480100
2011-03-04,132.47000122070312,277202300
2011-03-07,131.42999267578125,216790400
2011-03-08,132.5800018310547,174615000
2011-03-09,132.38999938964844,153806000
2011-03-10,129.94000244140625,301291800
2011-03-11,130.83999633789062,225621800
2011-03-14,130.0500030517578,234974100
2011-03-15,128.55999755859375,359585400
2011-03-16,126.18000030517578,468670300
2011-03-17,127.8499984741211,254303700
2011-03-18,127.76000213623047,230435400
2011-03-21,129.74000549316406,153992600
2011-03-22,129.2899932861328,129538600
2011-03-23,129.66000366210938,148603100
2011-03-24,130.89999389648438,159129800
2011-03-25,131.3000030517578,155642800
2011-03-28,130.97999572753906,109762400
2011-03-29,131.86000061035156,129798800
2011-03-30,132.77000427246094,135835000
2011-03-31,132.58999633789062,132537100
2011-04-01,133.14999389648438,153850100
2011-04-04,133.25999450683594,100768900
2011-04-05,133.24000549316406,120791500
2011-04-06,133.66000366210938,120411600
2011-04-07,133.32000732421875,170731500
2011-04-08,132.86000061035156,147945400
2011-04-11,132.4600067138672,121385400
2011-04-12,131.47000122070312,161187400
2011-04-13,131.4600067138672,162059000
2011-04-14,131.55999755859375,161220400
2011-04-15,132.0399932861328,170006700
2011-04-18,130.55999755859375,210759300
2011-04-19,131.30999755859375,124258800
2011-04-20,133.10000610351562,156133800
2011-04-21,133.77999877929688,135935400
2011-04-25,133.63999938964844,65757100
2011-04-26,134.7899932861328,146600000
2011-04-27,135.6699981689453,143031000
2011-04-28,136.11000061035156,124791100
2011-04-29,136.42999267578125,115094100
2011-05-02,136.22000122070312,126278700
2011-05-03,135.72999572753906,138375000
2011-05-04,134.8300018310547,182678500
2011-05-05,133.61000061035156,226900000
2011-05-06,134.1999969482422,222787200
2011-05-09,134.72000122070312,114104500
2011-05-10,135.8699951171875,114806900
2011-05-11,134.44000244140625,193564200
2011-05-12,135.0800018310547,171550700
2011-05-13,134.0399932861328,157444900
2011-05-16,133.19000244140625,141675400
2011-05-17,133.1699981689453,192686200
2011-05-18,134.36000061035156,135217900
2011-05-19,134.67999267578125,119489500
2011-05-20,133.61000061035156,182594900
2011-05-23,132.05999755859375,168700000
2011-05-24,131.9499969482422,147199600
2011-05-25,132.38999938964844,151050100
2011-05-26,133.0,164850000
2011-05-27,133.50999450683594,120921900
2011-05-31,134.89999389648438,164731200
2011-06-01,131.8699951171875,233094300
2011-06-02,131.72999572753906,200466800
2011-06-03,130.4199981689453,234690200
2011-06-06,129.0399932861328,179951200
2011-06-07,128.9600067138672,161660500
2011-06-08,128.4199981689453,198696400
2011-06-09,129.39999389648438,160964400
2011-06-10,127.5999984741211,238629400
2011-06-13,127.69999694824219,207599800
2011-06-14,129.32000732421875,160570400
2011-06-15,127.0199966430664,300958000
2011-06-16,127.30000305175781,308032800
2011-06-17,127.05000305175781,233284900
2011-06-20,127.69999694824219,159479000
2011-06-21,129.4499969482422,193157300
2011-06-22,128.6699981689453,176703000
2011-06-23,128.3000030517578,334286500
2011-06-24,126.80999755859375,226129300
2011-06-27,127.94000244140625,168904700
2011-06-28,129.61000061035156,165556300
2011-06-29,130.72000122070312,244295500
2011-06-30,131.97000122070312,223322700
2011-07-01,133.9199981689453,202385700
2011-07-05,133.80999755859375,165936000
2011-07-06,133.97000122070312,143331600
2011-07-07,135.36000061035156,170464200
2011-07-08,134.39999389648438,194100500
2011-07-11,131.97000122070312,195918600
2011-07-12,131.39999389648438,214675700
2011-07-13,131.83999633789062,204062600
2011-07-14,130.92999267578125,226111800
2011-07-15,131.69000244140625,220012800
2011-07-18,130.61000061035156,196872100
2011-07-19,132.72999572753906,166554900
2011-07-20,132.64999389648438,137145400
2011-07-21,134.49000549316406,245246300
2011-07-22,134.5800018310547,126019400
2011-07-25,133.8300018310547,136653800
2011-07-26,133.3300018310547,131278200
2011-07-27,130.60000610351562,249020100
2011-07-28,130.22000122070312,207939900
2011-07-29,129.3300018310547,307038400
2011-08-01,128.77999877929688,325790900
2011-08-02,125.48999786376953,346653800
2011-08-03,126.16999816894531,370830800
2011-08-04,120.26000213623047,520721800
2011-08-05,120.08000183105469,655619200
2011-08-08,112.26000213623047,702263900
2011-08-09,117.4800033569336,717828700
2011-08-10,112.29000091552734,662607400
2011-08-11,117.33000183105469,487979700
2011-08-12,118.12000274658203,313731600
2011-08-15,120.62000274658203,258810600
2011-08-16,119.58999633789062,294095200
2011-08-17,119.66999816894531,238201100
2011-08-18,114.51000213623047,512956300
2011-08-19,112.63999938964844,428281300
2011-08-22,112.7300033569336,275090600
2011-08-23,116.44000244140625,331136600
2011-08-24,118.08000183105469,246869700
2011-08-25,116.27999877929688,312365400
2011-08-26,117.97000122070312,314495900
2011-08-29,121.36000061035156,190977200
2011-08-30,121.68000030517578,241315700
2011-08-31,122.22000122070312,301828400
2011-09-01,120.94000244140625,254585900
2011-09-02,117.8499984741211,255517200
2011-09-06,116.98999786376953,285130500
2011-09-07,120.29000091552734,209803200
2011-09-08,119.04000091552734,250568200
2011-09-09,115.91999816894531,380195100
2011-09-12,116.66999816894531,305793500
2011-09-13,117.73999786376953,272514700
2011-09-14,119.37000274658203,319389500
2011-09-15,121.43000030517578,326777200
2011-09-16,121.5199966430664,284528300
2011-09-19,120.30999755859375,241517000
2011-09-20,120.16999816894531,218932200
2011-09-21,116.62999725341797,316251300
2011-09-22,112.86000061035156,513911300
2011-09-23,113.54000091552734,307242500
2011-09-26,116.23999786376953,260673700
2011-09-27,117.54000091552734,311753900
2011-09-28,115.13999938964844,286696800
2011-09-29,116.05000305175781,298108900
2011-09-30,113.1500015258789,288392300
2011-10-03,109.93000030517578,365136800
2011-10-04,112.33999633789062,459177500
2011-10-05,114.41999816894531,284108000
2011-10-06,116.48999786376953,257800800
2011-10-07,115.70999908447266,312657900
2011-10-10,119.58000183105469,230666300
2011-10-11,119.69999694824219,209088000
2011-10-12,120.75,281544900
2011-10-13,120.51000213623047,212538800
2011-10-14,122.56999969482422,211397600
2011-10-17,120.2300033569336,202311600
2011-10-18,122.58000183105469,318857900
2011-10-19,121.12999725341797,226601300
2011-10-20,121.66000366210938,262075600
2011-10-21,123.97000122070312,278999400
2011-10-24,125.48999786376953,203215600
2011-10-25,123.05000305175781,268596800
2011-10-26,124.30000305175781,289053800
2011-10-27,128.6300048828125,393220200
2011-10-28,128.60000610351562,225906500
2011-10-31,125.5,228146700
2011-11-01,122.0,416565800
2011-11-02,123.98999786376953,244717600
2011-11-03,126.25,291174800
2011-11-04,125.4800033569336,249401600
2011-11-07,126.26000213623047,196617200
2011-11-08,127.87999725341797,224426300
2011-11-09,123.16000366210938,337982000
2011-11-10,124.31999969482422,231866500
2011-11-11,126.66000366210938,189924400
2011-11-14,125.45999908447266,159258300
2011-11-15,126.08000183105469,184709400
2011-11-16,124.08000183105469,235782500
2011-11-17,122.11000061035156,331219600
2011-11-18,121.9800033569336,215580400
2011-11-21,119.66000366210938,229611600
2011-11-22,119.19000244140625,216494900
2011-11-23,116.55999755859375,224329100
2011-11-25,116.33999633789062,99557000
2011-11-28,119.70999908447266,210686000
2011-11-29,120.05000305175781,199241500
2011-11-30,124.98999786376953,324439500
2011-12-01,124.97000122070312,176954800
2011-12-02,124.86000061035156,221109700
2011-12-05,126.22000122070312,225263900
2011-12-06,126.26000213623047,178842100
2011-12-07,126.7300033569336,237802500
2011-12-08,123.94999694824219,240862800
2011-12-09,126.05000305175781,209111400
2011-12-12,124.20999908447266,215826100
2011-12-13,123.05000305175781,245159800
2011-12-14,121.73999786376953,238618800
2011-12-15,122.18000030517578,199109200
2011-12-16,121.58999633789062,220481400
2011-12-19,120.29000091552734,183903000
2011-12-20,123.93000030517578,225418100
2011-12-21,124.16999816894531,194230900
2011-12-22,125.2699966430664,119465400
2011-12-23,126.38999938964844,92187200
2011-12-27,126.48999786376953,86075700
2011-12-28,124.83000183105469,119107100
2011-12-29,126.12000274658203,123507200
2011-12-30,125.5,95599000
2012-01-03,127.5,193697900
2012-01-04,127.69999694824219,127186500
2012-01-05,128.0399932861328,173895000
2012-01-06,127.70999908447266,148050000
2012-01-09,128.02000427246094,99530200
2012-01-10,129.1300048828125,115282000
2012-01-11,129.1999969482422,111540700
2012-01-12,129.50999450683594,118983700
2012-01-13,128.83999633789062,179836200
2012-01-17,129.33999633789062,132209200
2012-01-18,130.77000427246094,163395200
2012-01-19,131.4600067138672,126328900
2012-01-20,131.9499969482422,138230200
2012-01-23,131.61000061035156,129295800
2012-01-24,131.4600067138672,103083300
2012-01-25,132.55999755859375,198613200
2012-01-26,131.8800048828125,184880500
2012-01-27,131.82000732421875,135259100
2012-01-30,131.3699951171875,147311800
2012-01-31,131.32000732421875,157212000
2012-02-01,132.47000122070312,166234500
2012-02-02,132.67999267578125,113090400
2012-02-03,134.5399932861328,160598500
2012-02-06,134.4499969482422,107694500
2012-02-07,134.7899932861328,135528100
2012-02-08,135.19000244140625,139361400
2012-02-09,135.36000061035156,148602900
2012-02-10,134.36000061035156,167907500
2012-02-13,135.36000061035156,115841900
2012-02-14,135.19000244140625,165329500
2012-02-15,134.55999755859375,195195100
2012-02-16,136.0500030517578,186567800
2012-02-17,136.41000366210938,129869400
2012-02-21,136.47000122070312,134042300
2012-02-22,136.02999877929688,124455300
2012-02-23,136.6300048828125,137704300
2012-02-24,136.92999267578125,105539100
2012-02-27,137.16000366210938,145728900
2012-02-28,137.55999755859375,129355900
2012-02-29,137.02000427246094,185934700
2012-03-01,137.72999572753906,145023500
2012-03-02,137.30999755859375,120638300
2012-03-05,136.75,140765000
2012-03-06,134.75,202129900
2012-03-07,135.69000244140625,143692200
2012-03-08,137.0399932861328,116968900
2012-03-09,137.57000732421875,122836800
2012-03-12,137.5800018310547,104003500
2012-03-13,140.05999755859375,184090500
2012-03-14,139.91000366210938,145163600
2012-03-15,140.72000122070312,165118500
2012-03-16,140.3000030517578,152893500
2012-03-19,140.85000610351562,125291100
2012-03-20,140.44000244140625,121729700
2012-03-21,140.2100067138672,122388400
2012-03-22,139.1999969482422,135216700
2012-03-23,139.64999389648438,120521000
2012-03-26,141.61000061035156,120164000
2012-03-27,141.1699981689453,119868500
2012-03-28,140.47000122070312,148562100
2012-03-29,140.22999572753906,164963700
2012-03-30,140.80999755859375,135486800
2012-04-02,141.83999633789062,151741100
2012-04-03,141.25999450683594,155806700
2012-04-04,139.86000061035156,146896000
2012-04-05,139.7899932861328,137439400
2012-04-09,138.22000122070312,127555900
2012-04-10,135.89999389648438,235360300
2012-04-11,137.0,154133000
2012-04-12,138.7899932861328,154321500
2012-04-13,137.13999938964844,169246700
2012-04-16,137.0500030517578,147825300
2012-04-17,139.0800018310547,147877600
2012-04-18,138.61000061035156,123884200
2012-04-19,137.72000122070312,198666700
2012-04-20,137.9499969482422,143199600
2012-04-23,136.7899932861328,171844900
2012-04-24,137.30999755859375,137484200
2012-04-25,139.19000244140625,150252200
2012-04-26,140.16000366210938,136291600
2012-04-27,140.38999938964844,130725000
2012-04-30,139.8699951171875,115092200
2012-05-01,140.74000549316406,138832200
2012-05-02,140.32000732421875,121081000
2012-05-03,139.25,143759700
2012-05-04,137.0,193927300
2012-05-07,137.10000610351562,127765900
2012-05-08,136.5500030517578,213377700
2012-05-09,135.74000549316406,220752500
2012-05-10,136.02000427246094,150600000
2012-05-11,135.61000061035156,153032400
2012-05-14,134.11000061035156,163910000
2012-05-15,133.33999633789062,207629300
2012-05-16,132.8300018310547,207265500
2012-05-17,130.86000061035156,247992900
2012-05-18,129.74000549316406,319615900
2012-05-21,131.97000122070312,177861100
2012-05-22,132.1999969482422,197531200
2012-05-23,132.27000427246094,204958400
2012-05-24,132.52999877929688,167357600
2012-05-25,132.10000610351562,135465600
2012-05-29,133.6999969482422,152883500
2012-05-30,131.75999450683594,162370400
2012-05-31,131.47000122070312,196186000
2012-06-01,128.16000366210938,253240900
2012-06-04,128.10000610351562,202545800
2012-06-05,129.07000732421875,164149400
2012-06-06,131.97000122070312,184202800
2012-06-07,132.0500030517578,184772700
2012-06-08,133.10000610351562,143915400
2012-06-11,131.41000366210938,169756100
2012-06-12,132.9199981689453,181931800
2012-06-13,132.07000732421875,172223900
2012-06-14,133.47000122070312,230615500
2012-06-15,134.13999938964844,169444500
2012-06-18,134.39999389648438,131360900
2012-06-19,135.6999969482422,137382600
2012-06-20,135.47999572753906,206451800
2012-06-21,132.44000244140625,205272200
2012-06-22,133.4600067138672,130029200
2012-06-25,131.32000732421875,146375700
2012-06-26,131.97999572753906,141634000
2012-06-27,133.1699981689453,108088000
2012-06-28,132.7899932861328,169242100
2012-06-29,136.10000610351562,212250900
2012-07-02,136.50999450683594,129524500
2012-07-03,137.41000366210938,80450000
2012-07-05,136.7899932861328,126177500
2012-07-06,135.49000549316406,151192100
2012-07-09,135.32000732421875,103780500
2012-07-10,134.13999938964844,167884800
2012-07-11,134.16000366210938,141733400
2012-07-12,133.50999450683594,143583200
2012-07-13,135.75,129642600
2012-07-16,135.42999267578125,97525200
2012-07-17,136.36000061035156,138860300
2012-07-18,137.3699951171875,113349700
2012-07-19,137.72999572753906,129847300
2012-07-20,136.47000122070312,142904500
2012-07-23,135.08999633789062,145210900
2012-07-24,133.92999267578125,173301200
2012-07-25,133.9600067138672,129122300
2012-07-26,136.1699981689453,156526500
2012-07-27,138.67999267578125,236768900
2012-07-30,138.67999267578125,106782000
2012-07-31,137.7100067138672,120575900
2012-08-01,137.58999633789062,138293800
2012-08-02,136.63999938964844,199556600
2012-08-03,139.35000610351562,157825000
2012-08-06,139.6199951171875,86326200
2012-08-07,140.32000732421875,109545100
2012-08-08,140.49000549316406,89754700
2012-08-09,140.61000061035156,90291700
2012-08-10,140.83999633789062,99792700
2012-08-13,140.77000427246094,79426900
2012-08-14,140.7899932861328,102379400
2012-08-15,140.9499969482422,71085900
2012-08-16,141.99000549316406,112014200
2012-08-17,142.17999267578125,90813700
2012-08-20,142.19000244140625,78255700
2012-08-21,141.75999450683594,105581100
2012-08-22,141.82000732421875,133243500
2012-08-23,140.66000366210938,111466400
2012-08-24,141.50999450683594,99481200
2012-08-27,141.5399932861328,68785900
2012-08-28,141.39999389648438,75689600
2012-08-29,141.50999450683594,65421300
2012-08-30,140.49000549316406,96589900
2012-08-31,141.16000366210938,151970400
2012-09-04,141.02999877929688,120226200
2012-09-05,140.91000366210938,100660300
2012-09-06,143.77000427246094,158272500
2012-09-07,144.3300018310547,107272100
2012-09-10,143.50999450683594,86458500
2012-09-11,143.91000366210938,88760000
2012-09-12,144.38999938964844,87640900
2012-09-13,146.58999633789062,225470200
2012-09-14,147.24000549316406,169777000
2012-09-17,146.74000549316406,119427800
2012-09-18,146.6199951171875,98326600
2012-09-19,146.6999969482422,128318300
2012-09-20,146.7100067138672,154009800
2012-09-21,145.8699951171875,108737500
2012-09-24,145.64999389648438,95682000
2012-09-25,144.10000610351562,133165200
2012-09-26,143.2899932861328,146502200
2012-09-27,144.63999938964844,111830300
2012-09-28,143.97000122070312,150696100
2012-10-01,144.35000610351562,135911200
2012-10-02,144.5,113422200
2012-10-03,145.08999633789062,121283100
2012-10-04,146.1300048828125,124311600
2012-10-05,146.13999938964844,124842100
2012-10-08,145.63999938964844,78415400
2012-10-09,144.1999969482422,148872900
2012-10-10,143.27999877929688,124247500
2012-10-11,143.36000061035156,123601500
2012-10-12,142.88999938964844,124181900
2012-10-15,144.0800018310547,107689100
2012-10-16,145.5399932861328,108815500
2012-10-17,146.1999969482422,128834100
2012-10-18,145.82000732421875,148108500
2012-10-19,143.38999938964844,185645200
2012-10-22,143.41000366210938,125578600
2012-10-23,141.4199981689453,192056300
2012-10-24,141.02000427246094,120179400
2012-10-25,141.42999267578125,134457400
2012-10-26,141.35000610351562,146023500
2012-10-31,141.35000610351562,103438500
2012-11-01,142.8300018310547,100995600
2012-11-02,141.55999755859375,137702200
2012-11-05,141.85000610351562,98378500
2012-11-06,142.9600067138672,107068100
2012-11-07,139.72000122070312,264304500
2012-11-08,138.0399932861328,181517300
2012-11-09,138.16000366210938,201055300
2012-11-12,138.27000427246094,97677500
2012-11-13,137.7899932861328,123018300
2012-11-14,135.92999267578125,191505000
2012-11-15,135.6999969482422,178128400
2012-11-16,136.3699951171875,239483900
2012-11-19,139.1300048828125,151495800
2012-11-20,139.19000244140625,119807400
2012-11-21,139.4499969482422,81710800
2012-11-23,141.35000610351562,65409200
2012-11-26,141.0500030517578,100124400
2012-11-27,140.3300018310547,128646200
2012-11-28,141.4600067138672,177086500
2012-11-29,142.1199951171875,151085900
2012-11-30,142.14999389648438,136568300
2012-12-03,141.4499969482422,124656300
2012-12-04,141.25,127512200
2012-12-05,141.5,147300500
2012-12-06,141.97999572753906,103220600
2012-12-07,142.41000366210938,108726400
2012-12-10,142.47000122070312,98840700
2012-12-11,143.44000244140625,152570400
2012-12-12,143.50999450683594,145880100
2012-12-13,142.6300048828125,135715000
2012-12-14,142.10000610351562,137701700
2012-12-17,143.77000427246094,143238200
2012-12-18,145.3699951171875,177762800
2012-12-19,144.2899932861328,150895400
2012-12-20,145.1199951171875,168487000
2012-12-21,142.7899932861328,245883800
2012-12-24,142.35000610351562,53874600
2012-12-26,141.75,106947700
2012-12-27,141.55999755859375,167920600
2012-12-28,140.02999877929688,148806700
2012-12-31,142.41000366210938,243935200
2013-01-02,146.05999755859375,192059000
2013-01-03,145.72999572753906,144761800
2013-01-04,146.3699951171875,116817700
2013-01-07,145.97000122070312,110002500
2013-01-08,145.5500030517578,121265100
2013-01-09,145.9199981689453,90745600
2013-01-10,147.0800018310547,130735400
2013-01-11,147.07000732421875,113917300
2013-01-14,146.97000122070312,89567200
2013-01-15,147.07000732421875,93172600
2013-01-16,147.0500030517578,104849500
2013-01-17,148.0,133833500
2013-01-18,148.3300018310547,169906000
2013-01-22,149.1300048828125,111797300
2013-01-23,149.3699951171875,104596100
2013-01-24,149.41000366210938,146426400
2013-01-25,150.25,147211600
2013-01-28,150.07000732421875,113357700
2013-01-29,150.66000366210938,105694400
2013-01-30,150.07000732421875,137447700
2013-01-31,149.6999969482422,108975800
2013-02-01,151.24000549316406,131173000
2013-02-04,149.5399932861328,159073600
2013-02-05,151.0500030517578,113912400
2013-02-06,151.16000366210938,138762800
2013-02-07,150.9600067138672,162490000
2013-02-08,151.8000030517578,103133700
2013-02-11,151.77000427246094,73775000
2013-02-12,152.02000427246094,65392700
2013-02-13,152.14999389648438,82322600
2013-02-14,152.2899932861328,80834300
2013-02-15,152.11000061035156,215226500
2013-02-19,153.25,95105400
2013-02-20,151.33999633789062,160574800
2013-02-21,150.4199981689453,183257000
2013-02-22,151.88999938964844,106356600
2013-02-25,149.0,245824800
2013-02-26,150.02000427246094,186596200
2013-02-27,151.91000366210938,150781900
2013-02-28,151.61000061035156,126866000
2013-03-01,152.11000061035156,170634800
2013-03-04,152.9199981689453,99010200
2013-03-05,154.2899932861328,121431900
2013-03-06,154.5,94469900
2013-03-07,154.77999877929688,86101400
2013-03-08,155.44000244140625,123477800
2013-03-11,156.02999877929688,83746800
2013-03-12,155.67999267578125,105755800
2013-03-13,155.89999389648438,92550900
2013-03-14,156.72999572753906,126329900
2013-03-15,155.8300018310547,138601100
2013-03-18,154.97000122070312,126704300
2013-03-19,154.61000061035156,167567300
2013-03-20,155.69000244140625,113759300
2013-03-21,154.36000061035156,128605000
2013-03-22,155.60000610351562,111163600
2013-03-25,154.9499969482422,151322300
2013-03-26,156.19000244140625,86856600
2013-03-27,156.19000244140625,99950600
2013-03-28,156.6699981689453,102932800
2013-04-01,156.0500030517578,99194100
2013-04-02,156.82000732421875,101504300
2013-04-03,155.22999572753906,154167400
2013-04-04,155.86000061035156,131885000
2013-04-05,155.16000366210938,159666000
2013-04-08,156.2100067138672,86571200
2013-04-09,156.75,101922200
2013-04-10,158.6699981689453,135711100
2013-04-11,159.19000244140625,110142500
2013-04-12,158.8000030517578,116359900
2013-04-15,155.1199951171875,217259000
2013-04-16,157.41000366210938,147507800
2013-04-17,155.11000061035156,226834800
2013-04-18,154.13999938964844,167583200
2013-04-19,155.47999572753906,149687600
2013-04-22,156.1699981689453,106553500
2013-04-23,157.77999877929688,166141300
2013-04-24,157.8800048828125,96781200
2013-04-25,158.52000427246094,131060600
2013-04-26,158.24000549316406,95918800
2013-04-29,159.3000030517578,88572800
2013-04-30,159.67999267578125,116010700
2013-05-01,158.27999877929688,138874200
2013-05-02,159.75,96407600
2013-05-03,161.3699951171875,144202300
2013-05-06,161.77999877929688,66882100
2013-05-07,162.60000610351562,90359200
2013-05-08,163.33999633789062,97419200
2013-05-09,162.8800048828125,106738600
2013-05-10,163.41000366210938,103203000
2013-05-13,163.5399932861328,81843200
2013-05-14,165.22999572753906,119000900
2013-05-15,166.1199951171875,120718500
2013-05-16,165.33999633789062,109913600
2013-05-17,166.94000244140625,129801000
2013-05-20,166.92999267578125,85071200
2013-05-21,167.1699981689453,95804200
2013-05-22,165.92999267578125,244031800
2013-05-23,165.4499969482422,211064400
2013-05-24,165.30999755859375,151573900
2013-05-28,166.3000030517578,143679800
2013-05-29,165.22000122070312,160363400
2013-05-30,165.8300018310547,107793800
2013-05-31,163.4499969482422,176850100
2013-06-03,164.35000610351562,168390700
2013-06-04,163.55999755859375,157631500
2013-06-05,161.27000427246094,211737800
2013-06-06,162.72999572753906,200225500
2013-06-07,164.8000030517578,188337800
2013-06-10,164.8000030517578,105667100
2013-06-11,163.10000610351562,159505400
2013-06-12,161.75,177361500
2013-06-13,164.2100067138672,163587800
2013-06-14,163.17999267578125,141197500
2013-06-17,164.44000244140625,136295600
2013-06-18,165.74000549316406,114695600
2013-06-19,163.4499969482422,206149500
2013-06-20,159.39999389648438,321255900
2013-06-21,159.07000732421875,271956800
2013-06-24,157.05999755859375,222329000
2013-06-25,158.57000732421875,162262200
2013-06-26,160.13999938964844,134848000
2013-06-27,161.0800018310547,129483700
2013-06-28,160.4199981689453,160402900
2013-07-01,161.36000061035156,131954800
2013-07-02,161.2100067138672,154863700
2013-07-03,161.27999877929688,75216400
2013-07-05,163.02000427246094,122416900
2013-07-08,163.9499969482422,108092500
2013-07-09,165.1300048828125,119298000
2013-07-10,165.19000244140625,121410100
2013-07-11,167.44000244140625,135592200
2013-07-12,167.50999450683594,104212700
2013-07-15,168.14999389648438,69450600
2013-07-16,167.52000427246094,88702100
2013-07-17,167.9499969482422,92873900
2013-07-18,168.8699951171875,103620100
2013-07-19,169.1699981689453,103831700
2013-07-22,169.5,79428600
2013-07-23,169.13999938964844,80829700
2013-07-24,168.52000427246094,112914000
2013-07-25,168.92999267578125,111088600
2013-07-26,169.11000061035156,107814600
2013-07-29,168.58999633789062,79695000
2013-07-30,168.58999633789062,85209600
2013-07-31,168.7100067138672,142388700
2013-08-01,170.66000366210938,110438400
2013-08-02,170.9499969482422,91116700
2013-08-05,170.6999969482422,54072700
2013-08-06,169.72999572753906,87495000
2013-08-07,169.17999267578125,84854700
2013-08-08,169.8000030517578,102181300
2013-08-09,169.30999755859375,91757700
2013-08-12,169.11000061035156,68593300
2013-08-13,169.61000061035156,80806000
2013-08-14,168.74000549316406,79829200
2013-08-15,166.3800048828125,152931800
2013-08-16,165.8300018310547,130868200
2013-08-19,164.77000427246094,96437600
2013-08-20,165.5800018310547,89294400
2013-08-21,164.55999755859375,159530500
2013-08-22,166.05999755859375,101471400
2013-08-23,166.6199951171875,90888900
2013-08-26,166.0,89702100
2013-08-27,163.3300018310547,158619400
2013-08-28,163.91000366210938,108113000
2013-08-29,164.1699981689453,119200500
2013-08-30,163.64999389648438,134928900
2013-09-03,164.38999938964844,142375100
2013-09-04,165.75,97389400
2013-09-05,165.9600067138672,63090500
2013-09-06,166.0399932861328,159756500
2013-09-09,167.6300048828125,87559300
2013-09-10,168.8699951171875,105847200
2013-09-11,169.39999389648438,94545900
2013-09-12,168.9499969482422,83209000
2013-09-13,169.3300018310547,72727800
2013-09-16,170.30999755859375,106299200
2013-09-17,171.07000732421875,82523300
2013-09-18,173.0500030517578,203460600
2013-09-19,172.75999450683594,146616900
2013-09-20,170.72000122070312,132867100
2013-09-23,169.92999267578125,104616500
2013-09-24,169.52999877929688,106333100
2013-09-25,169.0399932861328,117306500
2013-09-26,169.69000244140625,77146900
2013-09-27,168.91000366210938,99141800
2013-09-30,168.00999450683594,143937000
2013-10-01,169.33999633789062,127160000
2013-10-02,169.17999267578125,113350000
2013-10-03,167.6199951171875,176698000
2013-10-04,168.88999938964844,96878000
2013-10-07,167.42999267578125,96295000
2013-10-08,165.47999572753906,178015000
2013-10-09,165.60000610351562,168973000
2013-10-10,169.1699981689453,195955000
2013-10-11,170.25999450683594,105040000
2013-10-14,170.94000244140625,112106000
2013-10-15,169.6999969482422,155485000
2013-10-16,172.07000732421875,161676000
2013-10-17,173.22000122070312,129389000
2013-10-18,174.38999938964844,138316000
2013-10-21,174.39999389648438,104104000
2013-10-22,175.41000366210938,126663000
2013-10-23,174.57000732421875,105484000
2013-10-24,175.14999389648438,70350000
2013-10-25,175.9499969482422,93625000
2013-10-28,176.22999572753906,84979000
2013-10-29,177.1699981689453,87401000
2013-10-30,176.2899932861328,140002000
2013-10-31,175.7899932861328,133795000
2013-11-01,176.2100067138672,142805000
2013-11-04,176.8300018310547,85677000
2013-11-05,176.27000427246094,85825000
2013-11-06,177.1699981689453,87348000
2013-11-07,174.92999267578125,157000000
2013-11-08,177.2899932861328,136713000
2013-11-11,177.32000732421875,62614000
2013-11-12,176.9600067138672,83990000
2013-11-13,178.3800048828125,103844000
2013-11-14,179.27000427246094,103435000
2013-11-15,180.0500030517578,102818000
2013-11-18,179.4199981689453,104796000
2013-11-19,179.02999877929688,93891000
2013-11-20,178.47000122070312,124909000
2013-11-21,179.91000366210938,92841000
2013-11-22,180.80999755859375,81296000
2013-11-25,180.6300048828125,79486000
2013-11-26,180.67999267578125,86994000
2013-11-27,181.1199951171875,58800000
2013-11-29,181.0,55870900
2013-12-02,180.52999877929688,99726000
2013-12-03,179.75,116563000
2013-12-04,179.72999572753906,123033000
2013-12-05,178.94000244140625,106934000
2013-12-06,180.94000244140625,127728000
2013-12-09,181.39999389648438,70124000
2013-12-10,180.75,80976000
2013-12-11,178.72000122070312,130591000
2013-12-12,178.1300048828125,115565000
2013-12-13,178.11000061035156,107808000
2013-12-16,179.22000122070312,96195000
2013-12-17,178.64999389648438,89886000
2013-12-18,181.6999969482422,234906000
2013-12-19,181.49000549316406,136531200
2013-12-20,181.55999755859375,197087000
2013-12-23,182.52999877929688,85598000
2013-12-24,182.92999267578125,45368800
2013-12-26,183.86000061035156,63365000
2013-12-27,183.85000610351562,61814000
2013-12-30,183.82000732421875,56857000
2013-12-31,184.69000244140625,86119900
2014-01-02,182.9199981689453,119636900
2014-01-03,182.88999938964844,81390600
2014-01-06,182.36000061035156,108028200
2014-01-07,183.47999572753906,86144200
2014-01-08,183.52000427246094,96582300
2014-01-09,183.63999938964844,90683400
2014-01-10,184.13999938964844,102026400
2014-01-13,181.69000244140625,149892000
2014-01-14,183.6699981689453,105016100
2014-01-15,184.66000366210938,98525800
2014-01-16,184.4199981689453,72290600
2014-01-17,183.63999938964844,107848700
2014-01-21,184.17999267578125,88621200
2014-01-22,184.3000030517578,61270900
2014-01-23,182.7899932861328,132496900
2014-01-24,178.88999938964844,208677100
2014-01-27,178.00999450683594,180843100
2014-01-28,179.07000732421875,110463200
2014-01-29,177.35000610351562,216597300
2014-01-30,179.22999572753906,118938100
2014-01-31,178.17999267578125,194677900
2014-02-03,174.1699981689453,254837100
2014-02-04,175.38999938964844,165012400
2014-02-05,175.1699981689453,164230500
2014-02-06,177.47999572753906,132877600
2014-02-07,179.67999267578125,170787200
2014-02-10,180.00999450683594,92218800
2014-02-11,181.97999572753906,117814100
2014-02-12,182.07000732421875,94717700
2014-02-13,183.00999450683594,100542200
2014-02-14,184.02000427246094,96498400
2014-02-18,184.24000549316406,80460900
2014-02-19,183.02000427246094,126524300
2014-02-20,184.10000610351562,104998100
2014-02-21,183.88999938964844,118116400
2014-02-24,184.91000366210938,114063900
2014-02-25,184.83999633789062,117085000
2014-02-26,184.85000610351562,98677200
2014-02-27,185.82000732421875,93880800
2014-02-28,186.2899932861328,150842000
2014-03-03,184.97999572753906,167748500
2014-03-04,187.5800018310547,167545900
2014-03-05,187.75,88376900
2014-03-06,188.17999267578125,82516500
2014-03-07,188.25999450683594,114513500
2014-03-10,188.16000366210938,74939200
2014-03-11,187.22999572753906,99009100
2014-03-12,187.27999877929688,104824400
2014-03-13,185.17999267578125,155014300
2014-03-14,184.66000366210938,153919600
2014-03-17,186.3300018310547,98359500
2014-03-18,187.66000366210938,101804600
2014-03-19,186.66000366210938,176267300
2014-03-20,187.75,117241000
2014-03-21,186.1999969482422,163128000
2014-03-24,185.42999267578125,121411000
2014-03-25,186.30999755859375,103852000
2014-03-26,184.97000122070312,119843000
2014-03-27,184.5800018310547,142383000
2014-03-28,185.49000549316406,101642000
2014-03-31,187.00999450683594,99745000
2014-04-01,188.25,89193000
2014-04-02,188.8800048828125,78774000
2014-04-03,188.6300048828125,77435000
2014-04-04,186.39999389648438,169381000
2014-04-07,184.33999633789062,140803000
2014-04-08,185.10000610351562,112660000
2014-04-09,187.08999633789062,100254000
2014-04-10,183.16000366210938,172959000
2014-04-11,181.50999450683594,167251000
2014-04-14,182.94000244140625,132382000
2014-04-15,184.1999969482422,157093000
2014-04-16,186.1300048828125,105197000
2014-04-17,186.38999938964844,105255000
2014-04-21,187.0399932861328,68329000
2014-04-22,187.88999938964844,85790000
2014-04-23,187.4499969482422,73869000
2014-04-24,187.8300018310547,88170000
2014-04-25,186.2899932861328,100380000
2014-04-28,186.8800048828125,135121000
2014-04-29,187.75,84098000
2014-04-30,188.30999755859375,101508000
2014-05-01,188.3300018310547,93019000
2014-05-02,188.05999755859375,98122000
2014-05-05,188.4199981689453,75883000
2014-05-06,186.77999877929688,85454000
2014-05-07,187.8800048828125,106500000
2014-05-08,187.67999267578125,93618000
2014-05-09,187.9600067138672,83679000
2014-05-12,189.7899932861328,86940000
2014-05-13,189.9600067138672,66454000
2014-05-14,189.05999755859375,72367000
2014-05-15,187.39999389648438,154956000
2014-05-16,188.0500030517578,97458000
2014-05-19,188.74000549316406,63839000
2014-05-20,187.5500030517578,111644000
2014-05-21,189.1300048828125,89093000
2014-05-22,189.58999633789062,61549000
2014-05-23,190.35000610351562,61092800
2014-05-27,191.52000427246094,72010000
2014-05-28,191.3800048828125,66723000
2014-05-29,192.3699951171875,64377000
2014-05-30,192.67999267578125,76316000
2014-06-02,192.89999389648438,64656000
2014-06-03,192.8000030517578,65047000
2014-06-04,193.19000244140625,55529000
2014-06-05,194.4499969482422,92103000
2014-06-06,195.3800048828125,78696000
2014-06-09,195.5800018310547,65119000
2014-06-10,195.60000610351562,57129000
2014-06-11,194.9199981689453,68772000
2014-06-12,193.5399932861328,106350000
2014-06-13,194.1300048828125,82017000
2014-06-16,194.2899932861328,87424000
2014-06-17,194.8300018310547,84834000
2014-06-18,196.25999450683594,105267000
2014-06-19,196.47999572753906,85929000
2014-06-20,195.94000244140625,100587000
2014-06-23,195.8800048828125,70611000
2014-06-24,194.6999969482422,96237000
2014-06-25,195.5800018310547,82782000
2014-06-26,195.44000244140625,84312000
2014-06-27,195.82000732421875,71445100
2014-06-30,195.72000122070312,70201200
2014-07-01,197.02999877929688,90470000
2014-07-02,197.22999572753906,52475000
2014-07-03,198.1999969482422,52938800
2014-07-07,197.50999450683594,61696000
2014-07-08,196.24000549316406,108143000
2014-07-09,197.1199951171875,72992000
2014-07-10,196.33999633789062,99040000
2014-07-11,196.61000061035156,64243000
2014-07-14,197.60000610351562,58658000
2014-07-15,197.22999572753906,111307000
2014-07-16,197.9600067138672,79986400
2014-07-17,195.7100067138672,145398000
2014-07-18,197.7100067138672,124330000
2014-07-21,197.33999633789062,67592000
2014-07-22,198.1999969482422,67678000
2014-07-23,198.63999938964844,65612000
2014-07-24,198.64999389648438,56888000
2014-07-25,197.72000122070312,76837000
2014-07-28,197.8000030517578,69259000
2014-07-29,196.9499969482422,80466000
2014-07-30,196.97999572753906,104222000
2014-07-31,193.08999633789062,183479000
2014-08-01,192.5,189261000
2014-08-04,193.88999938964844,91340000
2014-08-05,192.00999450683594,152690000
2014-08-06,192.07000732421875,94818000
2014-08-07,191.02999877929688,135733000
2014-08-08,193.24000549316406,117014000
2014-08-11,193.8000030517578,74544000
2014-08-12,193.52999877929688,73632000
2014-08-13,194.83999633789062,69047000
2014-08-14,195.75999450683594,57371000
2014-08-15,195.72000122070312,139951000
2014-08-18,197.36000061035156,75424000
2014-08-19,198.38999938964844,59135000
2014-08-20,198.9199981689453,72763000
2014-08-21,199.5,67791000
2014-08-22,199.19000244140625,76107000
2014-08-25,200.1999969482422,63855000
2014-08-26,200.3300018310547,47298000
2014-08-27,200.25,47874000
2014-08-28,200.13999938964844,58330000
2014-08-29,200.7100067138672,65907000
2014-09-02,200.61000061035156,72426000
2014-09-03,200.5,57462000
2014-09-04,200.2100067138672,85236000
2014-09-05,201.11000061035156,102177000
2014-09-08,200.58999633789062,64146000
2014-09-09,199.32000732421875,88591000
2014-09-10,200.07000732421875,67251000
2014-09-11,200.3000030517578,66774400
2014-09-12,199.1300048828125,117409300
2014-09-15,198.97999572753906,76401000
2014-09-16,200.47999572753906,116201000
2014-09-17,200.75,151266000
2014-09-18,201.82000732421875,94990000
2014-09-19,200.6999969482422,121649000
2014-09-22,199.14999389648438,125553000
2014-09-23,198.00999450683594,111393000
2014-09-24,199.55999755859375,107276000
2014-09-25,196.33999633789062,150300000
2014-09-26,197.89999389648438,103547000
2014-09-29,197.5399932861328,95112000
2014-09-30,197.02000427246094,131302000
2014-10-01,194.35000610351562,177798000
2014-10-02,194.3800048828125,157285000
2014-10-03,196.52000427246094,121569000
2014-10-06,196.2899932861328,104778000
2014-10-07,193.25999450683594,147913000
2014-10-08,196.63999938964844,186461000
2014-10-09,192.74000549316406,210705000
2014-10-10,190.5399932861328,221909000
2014-10-13,187.41000366210938,230939000
2014-10-14,187.6999969482422,215847000
2014-10-15,186.42999267578125,380715000
2014-10-16,186.27000427246094,270391000
2014-10-17,188.47000122070312,214625000
2014-10-20,190.3000030517578,130011000
2014-10-21,194.07000732421875,154949000
2014-10-22,192.69000244140625,151822000
2014-10-23,194.92999267578125,154944000
2014-10-24,196.42999267578125,117927000
2014-10-27,196.16000366210938,82954000
2014-10-28,198.41000366210938,106736000
2014-10-29,198.11000061035156,142557000
2014-10-30,199.3800048828125,113330000
2014-10-31,201.66000366210938,146903000
2014-11-03,201.77000427246094,93600000
2014-11-04,201.07000732421875,93343000
2014-11-05,202.33999633789062,91709000
2014-11-06,203.14999389648438,107089000
2014-11-07,203.33999633789062,89540000
2014-11-10,203.97999572753906,66319000
2014-11-11,204.17999267578125,54499400
2014-11-12,203.9600067138672,90120300
2014-11-13,204.19000244140625,85357900
2014-11-14,204.24000549316406,80417500
2014-11-17,204.3699951171875,80441000
2014-11-18,205.5500030517578,76068100
2014-11-19,205.22000122070312,82373000
2014-11-20,205.5800018310547,72840300
2014-11-21,206.67999267578125,142327300
2014-11-24,207.25999450683594,65880800
2014-11-25,207.11000061035156,79108300
2014-11-26,207.63999938964844,62167800
2014-11-28,207.1999969482422,57890100
2014-12-01,205.75999450683594,103968400
2014-12-02,207.08999633789062,74507200
2014-12-03,207.88999938964844,68952000
2014-12-04,207.66000366210938,91316600
2014-12-05,208.0,91025500
2014-12-08,206.61000061035156,108588200
2014-12-09,206.47000122070312,125180100
2014-12-10,203.16000366210938,159856400
2014-12-11,204.19000244140625,159012800
2014-12-12,200.88999938964844,202330200
2014-12-15,199.50999450683594,189965800
2014-12-16,197.91000366210938,259543800
2014-12-17,201.7899932861328,253910100
2014-12-18,206.77999877929688,257633900
2014-12-19,206.52000427246094,245084600
2014-12-22,207.47000122070312,148318900
2014-12-23,207.75,122167900
2014-12-24,207.77000427246094,42963400
2014-12-26,208.44000244140625,57326700
2014-12-29,208.72000122070312,79643900
2014-12-30,207.60000610351562,73540800
2014-12-31,205.5399932861328,130333800
2015-01-02,205.42999267578125,121465900
2015-01-05,201.72000122070312,169632600
2015-01-06,199.82000732421875,209151400
2015-01-07,202.30999755859375,125346700
2015-01-08,205.89999389648438,147217800
2015-01-09,204.25,158567300
2015-01-12,202.64999389648438,144396100
2015-01-13,202.0800018310547,214553300
2015-01-14,200.86000061035156,192991100
2015-01-15,199.02000427246094,176613900
2015-01-16,201.6300048828125,211879600
2015-01-20,202.05999755859375,130991100
2015-01-21,203.0800018310547,122942700
2015-01-22,206.10000610351562,174356000
2015-01-23,204.97000122070312,117516800
2015-01-26,205.4499969482422,92009700
2015-01-27,202.74000549316406,134044600
2015-01-28,200.13999938964844,168514300
2015-01-29,201.99000549316406,173585400
2015-01-30,199.4499969482422,197729700
2015-02-02,201.9199981689453,163107000
2015-02-03,204.83999633789062,124212900
2015-02-04,204.05999755859375,134306700
2015-02-05,206.1199951171875,97953200
2015-02-06,205.5500030517578,125672000
2015-02-09,204.6300048828125,87219000
2015-02-10,206.80999755859375,96164200
2015-02-11,206.92999267578125,91087800
2015-02-12,208.9199981689453,97545900
2015-02-13,209.77999877929688,93670400
2015-02-17,210.11000061035156,76968200
2015-02-18,210.1300048828125,80652900
2015-02-19,209.97999572753906,91462500
2015-02-20,211.24000549316406,140896400
2015-02-23,211.2100067138672,74411100
2015-02-24,211.80999755859375,72472300
2015-02-25,211.6300048828125,73061700
2015-02-26,211.3800048828125,72697900
2015-02-27,210.66000366210938,108076000
2015-03-02,211.99000549316406,87491400
2015-03-03,211.1199951171875,110325800
2015-03-04,210.22999572753906,114497200
2015-03-05,210.4600067138672,76873000
2015-03-06,207.5,188128000
2015-03-09,208.36000061035156,89818900
2015-03-10,204.97999572753906,157121300
2015-03-11,204.5,110145700
2015-03-12,207.10000610351562,93993500
2015-03-13,205.8300018310547,162410900
2015-03-16,208.5800018310547,136099200
2015-03-17,207.9600067138672,94510400
2015-03-18,210.4600067138672,228808500
2015-03-19,209.5,117917300
2015-03-20,210.41000366210938,177715100
2015-03-23,210.0,71784500
2015-03-24,208.82000732421875,77805300
2015-03-25,205.75999450683594,159521700
2015-03-26,205.27000427246094,153067200
2015-03-27,205.74000549316406,118939000
2015-03-30,208.25,96180400
2015-03-31,206.42999267578125,126768700
2015-04-01,205.6999969482422,137303600
2015-04-02,206.44000244140625,86900900
2015-04-06,207.8300018310547,114368200
2015-04-07,207.27999877929688,81236300
2015-04-08,207.97999572753906,89351900
2015-04-09,208.89999389648438,85548900
2015-04-10,210.0399932861328,72722900
2015-04-13,209.08999633789062,74436600
2015-04-14,209.49000549316406,75099900
2015-04-15,210.42999267578125,99529300
2015-04-16,210.3699951171875,68934900
2015-04-17,207.9499969482422,191113200
2015-04-20,209.85000610351562,92189500
2015-04-21,209.60000610351562,72559800
2015-04-22,210.6300048828125,78264600
2015-04-23,211.16000366210938,102585900
2015-04-24,211.64999389648438,61327400
2015-04-27,210.77000427246094,79358100
2015-04-28,211.44000244140625,86863500
2015-04-29,210.57000732421875,125684900
2015-04-30,208.4600067138672,161304900
2015-05-01,210.72000122070312,103399700
2015-05-04,211.32000732421875,70927200
2015-05-05,208.89999389648438,113326200
2015-05-06,208.0399932861328,135060200
2015-05-07,208.8699951171875,88244900
2015-05-08,211.6199951171875,155877300
2015-05-11,210.61000061035156,75708100
2015-05-12,209.97999572753906,119727600
2015-05-13,210.02000427246094,94667900
2015-05-14,212.2100067138672,95934000
2015-05-15,212.44000244140625,76510100
2015-05-18,213.10000610351562,74549700
2015-05-19,213.02999877929688,72114600
2015-05-20,212.8800048828125,76857500
2015-05-21,213.5,64764600
2015-05-22,212.99000549316406,57433500
2015-05-26,210.6999969482422,124308600
2015-05-27,212.6999969482422,93214000
2015-05-28,212.4600067138672,74974600
2015-05-29,211.13999938964844,124919600
2015-06-01,211.57000732421875,93338800
2015-06-02,211.36000061035156,91531000
2015-06-03,211.9199981689453,87820900
2015-06-04,210.1300048828125,151882800
2015-06-05,209.77000427246094,121704700
2015-06-08,208.47999572753906,89063300
2015-06-09,208.4499969482422,105034700
2015-06-10,210.9499969482422,134551300
2015-06-11,211.6300048828125,73876400
2015-06-12,210.00999450683594,135382400
2015-06-15,209.11000061035156,124384200
2015-06-16,210.25,85308200
2015-06-17,210.58999633789062,126708600
2015-06-18,212.77999877929688,165867900
2015-06-19,210.80999755859375,130478700
2015-06-22,211.88999938964844,70696000
2015-06-23,212.0399932861328,68476800
2015-06-24,210.5,92307300
2015-06-25,209.86000061035156,97107400
2015-06-26,209.82000732421875,104174800
2015-06-29,205.4199981689453,202621300
2015-06-30,205.85000610351562,182925100
2015-07-01,207.5,135979900
2015-07-02,207.30999755859375,104373700
2015-07-06,206.72000122070312,117975400
2015-07-07,208.02000427246094,173820200
2015-07-08,204.52999877929688,164020100
2015-07-09,204.89999389648438,144113100
2015-07-10,207.47999572753906,129456900
2015-07-13,209.77000427246094,106069400
2015-07-14,210.67999267578125,81709600
2015-07-15,210.61000061035156,97914100
2015-07-16,212.3000030517578,106683300
2015-07-17,212.47999572753906,89030000
2015-07-20,212.58999633789062,70446800
2015-07-21,211.75,77965000
2015-07-22,211.3699951171875,88667900
2015-07-23,210.17999267578125,90509100
2015-07-24,208.0,117755000
2015-07-27,206.7899932861328,132361100
2015-07-28,209.3300018310547,123544800
2015-07-29,210.77000427246094,105791300
2015-07-30,210.82000732421875,91304400
2015-07-31,210.5,103266900
2015-08-03,209.7899932861328,113965700
2015-08-04,209.3800048828125,81820800
2015-08-05,210.07000732421875,85786800
2015-08-06,208.35000610351562,116030800
2015-08-07,207.9499969482422,117858000
2015-08-10,210.57000732421875,80270700
2015-08-11,208.6699981689453,126081400
2015-08-12,208.9199981689453,172123700
2015-08-13,208.66000366210938,89383300
2015-08-14,209.4199981689453,72786500
2015-08-17,210.58999633789062,79072600
2015-08-18,209.97999572753906,71692700
2015-08-19,208.32000732421875,172946000
2015-08-20,203.97000122070312,194327900
2015-08-21,197.8300018310547,346588500
2015-08-24,189.5,507244300
2015-08-25,187.27000427246094,369833100
2015-08-26,194.4600067138672,339257000
2015-08-27,199.27000427246094,274143900
2015-08-28,199.27999877929688,160414400
2015-08-31,197.6699981689453,163298800
2015-09-01,191.77000427246094,256000400
2015-09-02,195.41000366210938,160269300
2015-09-03,195.5500030517578,152087800
2015-09-04,192.58999633789062,207081000
2015-09-08,197.42999267578125,116025700
2015-09-09,194.7899932861328,149347700
2015-09-10,195.85000610351562,158611100
2015-09-11,196.74000549316406,119691200
2015-09-14,196.00999450683594,79452000
2015-09-15,198.4600067138672,113806200
2015-09-16,200.17999267578125,99581600
2015-09-17,199.72999572753906,276046600
2015-09-18,195.4499969482422,223657500
2015-09-21,196.4600067138672,105726200
2015-09-22,193.91000366210938,153890900
2015-09-23,193.60000610351562,92790600
2015-09-24,192.89999389648438,159378800
2015-09-25,192.85000610351562,155054800
2015-09-28,188.00999450683594,178515900
2015-09-29,188.1199951171875,159045600
2015-09-30,191.6300048828125,163452000
2015-10-01,192.1300048828125,131079000
2015-10-02,195.0,211003300
2015-10-05,198.47000122070312,126320800
2015-10-06,197.7899932861328,110274500
2015-10-07,199.41000366210938,124307300
2015-10-08,201.2100067138672,153055200
2015-10-09,201.3300018310547,107069200
2015-10-12,201.52000427246094,56395600
2015-10-13,200.25,88038700
2015-10-14,199.2899932861328,99106200
2015-10-15,202.35000610351562,134142200
2015-10-16,203.27000427246094,114580100
2015-10-19,203.3699951171875,76523900
2015-10-20,203.11000061035156,78448500
2015-10-21,201.85000610351562,102038000
2015-10-22,205.25999450683594,174911700
2015-10-23,207.50999450683594,144442300
2015-10-26,207.0,69033000
2015-10-27,206.60000610351562,77905800
2015-10-28,208.9499969482422,135906700
2015-10-29,208.8300018310547,90525500
2015-10-30,207.92999267578125,131076900
2015-11-02,210.38999938964844,86270800
2015-11-03,211.0,95246100
2015-11-04,210.36000061035156,96224500
2015-11-05,210.14999389648438,78408700
2015-11-06,210.0399932861328,110471500
2015-11-09,208.0800018310547,131008700
2015-11-10,208.55999755859375,75874600
2015-11-11,207.74000549316406,67846000
2015-11-12,204.83999633789062,121315200
2015-11-13,202.5399932861328,153577100
2015-11-16,205.6199951171875,117645200
2015-11-17,205.47000122070312,121123700
2015-11-18,208.72999572753906,121342500
2015-11-19,208.5500030517578,88220500
2015-11-20,209.30999755859375,94011500
2015-11-23,209.07000732421875,64931200
2015-11-24,209.35000610351562,98874400
2015-11-25,209.32000732421875,51980100
2015-11-27,209.55999755859375,37317800
2015-11-30,208.69000244140625,112822700
2015-12-01,210.67999267578125,97858400
2015-12-02,208.52999877929688,108441300
2015-12-03,205.61000061035156,166224200
2015-12-04,209.6199951171875,192913900
2015-12-07,208.35000610351562,102027100
2015-12-08,206.9499969482422,103372400
2015-12-09,205.33999633789062,162401500
2015-12-10,205.8699951171875,116128900
2015-12-11,201.8800048828125,211173300
2015-12-14,202.89999389648438,182385200
2015-12-15,205.02999877929688,154069600
2015-12-16,208.02999877929688,197017000
2015-12-17,204.86000061035156,173092500
2015-12-18,200.02000427246094,251393500
2015-12-21,201.6699981689453,99094300
2015-12-22,203.5,111026200
2015-12-23,206.02000427246094,110987200
2015-12-24,205.67999267578125,48539600
2015-12-28,205.2100067138672,65899900
2015-12-29,207.39999389648438,92640700
2015-12-30,205.92999267578125,63317700
2015-12-31,203.8699951171875,114877900
2016-01-04,201.02000427246094,222353500
2016-01-05,201.36000061035156,110845800
2016-01-06,198.82000732421875,152112600
2016-01-07,194.0500030517578,213436100
2016-01-08,191.9199981689453,209817200
2016-01-11,192.11000061035156,187941300
2016-01-12,193.66000366210938,172330500
2016-01-13,188.8300018310547,221168900
2016-01-14,191.92999267578125,240795600
2016-01-15,187.80999755859375,324846400
2016-01-19,188.05999755859375,195244400
2016-01-20,185.64999389648438,286547800
2016-01-21,186.69000244140625,195772900
2016-01-22,190.52000427246094,168319600
2016-01-25,187.63999938964844,130371700
2016-01-26,190.1999969482422,141036800
2016-01-27,188.1300048828125,185681700
2016-01-28,189.11000061035156,143798800
2016-01-29,193.72000122070312,210529300
2016-02-01,193.64999389648438,136061600
2016-02-02,190.16000366210938,182564900
2016-02-03,191.3000030517578,205054900
2016-02-04,191.60000610351562,139531800
2016-02-05,187.9499969482422,180788300
2016-02-08,185.4199981689453,191526700
2016-02-09,185.42999267578125,184513100
2016-02-10,185.27000427246094,148214100
2016-02-11,182.86000061035156,219058900
2016-02-12,186.6300048828125,127632400
2016-02-16,189.77999877929688,120250700
2016-02-17,192.8800048828125,136009500
2016-02-18,192.08999633789062,102343000
2016-02-19,192.0,114793000
2016-02-22,194.77999877929688,103640300
2016-02-23,192.32000732421875,111455300
2016-02-24,193.1999969482422,150812200
2016-02-25,195.5399932861328,110728300
2016-02-26,195.08999633789062,129833700
2016-02-29,193.55999755859375,125918100
2016-03-01,198.11000061035156,141799700
2016-03-02,199.0,102415000
2016-03-03,199.77999877929688,95172200
2016-03-04,200.42999267578125,129293600
2016-03-07,200.58999633789062,100219000
2016-03-08,198.39999389648438,123974900
2016-03-09,199.3800048828125,94801200
2016-03-10,199.5399932861328,156838700
2016-03-11,202.75999450683594,137964500
2016-03-14,202.5,73612000
2016-03-15,202.1699981689453,93169100
2016-03-16,203.33999633789062,129303200
2016-03-17,204.6300048828125,134278500
2016-03-18,204.3800048828125,138372400
2016-03-21,204.6699981689453,72926700
2016-03-22,204.55999755859375,97471900
2016-03-23,203.2100067138672,81052500
2016-03-24,203.1199951171875,84360900
2016-03-28,203.24000549316406,62408200
2016-03-29,205.1199951171875,92922900
2016-03-30,206.02000427246094,86365300
2016-03-31,205.52000427246094,94584100
2016-04-01,206.9199981689453,114423500
2016-04-04,206.25,63497000
2016-04-05,204.19000244140625,99662200
2016-04-06,206.4199981689453,91839800
2016-04-07,203.9499969482422,113859000
2016-04-08,204.5,95040600
2016-04-11,204.02000427246094,83757500
2016-04-12,205.9199981689453,115350600
2016-04-13,208.0,96336400
2016-04-14,208.00999450683594,65212900
2016-04-15,207.77999877929688,75761600
2016-04-18,209.24000549316406,82531000
2016-04-19,209.89999389648438,88316100
2016-04-20,210.10000610351562,81100300
2016-04-21,208.97000122070312,85695000
2016-04-22,208.97000122070312,99251700
2016-04-25,208.61000061035156,66166500
2016-04-26,208.9199981689453,75864200
2016-04-27,209.35000610351562,77329400
2016-04-28,207.4499969482422,97216200
2016-04-29,206.3300018310547,142424100
2016-05-02,207.97000122070312,62188000
2016-05-03,206.16000366210938,106422100
2016-05-04,205.00999450683594,92243800
2016-05-05,204.97000122070312,67619200
2016-05-06,205.72000122070312,89315000
2016-05-09,205.88999938964844,74374900
2016-05-10,208.4499969482422,77472200
2016-05-11,206.5,81727000
2016-05-12,206.55999755859375,89586300
2016-05-13,204.75999450683594,96474600
2016-05-16,206.77999877929688,77486800
2016-05-17,204.85000610351562,114924900
2016-05-18,204.91000366210938,120062100
2016-05-19,204.1999969482422,115430500
2016-05-20,205.49000549316406,104990400
2016-05-23,205.2100067138672,58682600
2016-05-24,207.8699951171875,93537800
2016-05-25,209.27999877929688,76621400
2016-05-26,209.33999633789062,55280700
2016-05-27,210.24000549316406,64211200
2016-05-31,209.83999633789062,109879400
2016-06-01,210.27000427246094,69936200
2016-06-02,210.91000366210938,63044700
2016-06-03,210.27999877929688,101757100
2016-06-06,211.35000610351562,64887000
2016-06-07,211.67999267578125,60974800
2016-06-08,212.3699951171875,66170900
2016-06-09,212.0800018310547,73786900
2016-06-10,210.07000732421875,113829200
2016-06-13,208.4499969482422,117751200
2016-06-14,208.0399932861328,125059300
2016-06-15,207.75,109124500
2016-06-16,208.3699951171875,149533100
2016-06-17,206.52000427246094,117055700
2016-06-20,207.85000610351562,82789600
2016-06-21,208.44000244140625,72461700
2016-06-22,208.10000610351562,95560500
2016-06-23,210.80999755859375,102731400
2016-06-24,203.24000549316406,333444400
2016-06-27,199.60000610351562,230775800
2016-06-28,203.1999969482422,159382400
2016-06-29,206.66000366210938,137328600
2016-06-30,209.47999572753906,165021900
2016-07-01,209.9199981689453,106055300
2016-07-05,208.41000366210938,109803700
2016-07-06,209.66000366210938,96021500
2016-07-07,209.52999877929688,85593800
2016-07-08,212.64999389648438,133971000
2016-07-11,213.39999389648438,73633900
2016-07-12,214.9499969482422,101275600
2016-07-13,214.9199981689453,87324100
2016-07-14,216.1199951171875,91230900
2016-07-15,215.8300018310547,107155400
2016-07-18,216.41000366210938,58725900
2016-07-19,216.19000244140625,54345700
2016-07-20,217.08999633789062,58159500
2016-07-21,216.27000427246094,67777300
2016-07-22,217.24000549316406,62787500
2016-07-25,216.64999389648438,55873100
2016-07-26,216.75,70080500
2016-07-27,216.52000427246094,84083900
2016-07-28,216.77000427246094,65035700
2016-07-29,217.1199951171875,79519400
2016-08-01,216.94000244140625,73311400
2016-08-02,215.5500030517578,92295500
2016-08-03,216.17999267578125,53993600
2016-08-04,216.41000366210938,46585500
2016-08-05,218.17999267578125,71892200
2016-08-08,218.0500030517578,39906500
2016-08-09,218.17999267578125,51251700
2016-08-10,217.63999938964844,57941100
2016-08-11,218.64999389648438,72504300
2016-08-12,218.4600067138672,61313500
2016-08-15,219.08999633789062,49813500
2016-08-16,217.9600067138672,53213600
2016-08-17,218.3699951171875,75134300
2016-08-18,218.86000061035156,52989300
2016-08-19,218.5399932861328,75443000
2016-08-22,218.52999877929688,61368800
2016-08-23,218.97000122070312,53399200
2016-08-24,217.85000610351562,71728900
2016-08-25,217.6999969482422,69224800
2016-08-26,217.2899932861328,122506300
2016-08-29,218.36000061035156,70502200
2016-08-30,218.0,58114500
2016-08-31,217.3800048828125,85269500
2016-09-01,217.38999938964844,97844200
2016-09-02,218.3699951171875,79293900
2016-09-06,219.02999877929688,56702100
2016-09-07,219.00999450683594,76554900
2016-09-08,218.50999450683594,74102900
2016-09-09,213.27999877929688,221589100
2016-09-12,216.33999633789062,168110900
2016-09-13,213.22999572753906,182828800
2016-09-14,213.14999389648438,134185500
2016-09-15,215.27999877929688,134427900
2016-09-16,213.3699951171875,155236400
2016-09-19,213.41000366210938,80250500
2016-09-20,213.4199981689453,69665300
2016-09-21,215.82000732421875,110284400
2016-09-22,217.17999267578125,76678700
2016-09-23,215.99000549316406,73630900
2016-09-26,214.24000549316406,89827300
2016-09-27,215.57000732421875,78494800
2016-09-28,216.63999938964844,87411000
2016-09-29,214.67999267578125,128070600
2016-09-30,216.3000030517578,117202900
2016-10-03,215.77999877929688,83512100
2016-10-04,214.67999267578125,119948100
2016-10-05,215.6300048828125,72816000
2016-10-06,215.77999877929688,62927400
2016-10-07,215.0399932861328,89788300
2016-10-10,216.16000366210938,51855000
2016-10-11,213.42999267578125,130367400
2016-10-12,213.7100067138672,73866100
2016-10-13,213.00999450683594,101357000
2016-10-14,213.1199951171875,93346200
2016-10-17,212.3800048828125,58275700
2016-10-18,213.7100067138672,76869700
2016-10-19,214.27999877929688,66519200
2016-10-20,213.8800048828125,73639800
2016-10-21,213.97999572753906,89089100
2016-10-24,214.88999938964844,60146600
2016-10-25,214.1699981689453,66542300
2016-10-26,213.74000549316406,75705500
2016-10-27,213.1699981689453,77220200
2016-10-28,212.5399932861328,140623200
2016-10-31,212.5500030517578,61272500
2016-11-01,211.00999450683594,122781800
2016-11-02,209.74000549316406,103330800
2016-11-03,208.77999877929688,88939300
2016-11-04,208.5500030517578,109122100
2016-11-07,213.14999389648438,109794900
2016-11-08,214.11000061035156,106772100
2016-11-09,216.3800048828125,258429000
2016-11-10,216.9199981689453,172113300
2016-11-11,216.4199981689453,100552700
2016-11-14,216.58999633789062,94580000
2016-11-15,218.27999877929688,91652600
2016-11-16,217.8699951171875,65617700
2016-11-17,218.99000549316406,69797200
2016-11-18,218.5,86265800
2016-11-21,220.14999389648438,72402600
2016-11-22,220.5800018310547,67429000
2016-11-23,220.6999969482422,56620200
2016-11-25,221.52000427246094,37872300
2016-11-28,220.47999572753906,76572500
2016-11-29,220.91000366210938,69886700
2016-11-30,220.3800048828125,113291800
2016-12-01,219.57000732421875,79040500
2016-12-02,219.67999267578125,74840300
2016-12-05,221.0,67837800
2016-12-06,221.6999969482422,59877400
2016-12-07,224.60000610351562,110738100
2016-12-08,225.14999389648438,99714400
2016-12-09,226.50999450683594,88005800
2016-12-12,226.25,102016100
2016-12-13,227.75999450683594,110477500
2016-12-14,225.8800048828125,142501800
2016-12-15,226.80999755859375,124972600
2016-12-16,225.0399932861328,156420200
2016-12-19,225.52999877929688,90341100
2016-12-20,226.39999389648438,89838800
2016-12-21,225.77000427246094,67909000
2016-12-22,225.3800048828125,56219100
2016-12-23,225.7100067138672,36697800
2016-12-27,226.27000427246094,42672500
2016-12-28,224.39999389648438,64095000
2016-12-29,224.35000610351562,48696100
2016-12-30,223.52999877929688,108998300
2017-01-03,225.24000549316406,91366500
2017-01-04,226.5800018310547,78744400
2017-01-05,226.39999389648438,78379000
2017-01-06,227.2100067138672,71559900
2017-01-09,226.4600067138672,46939700
2017-01-10,226.4600067138672,63771900
2017-01-11,227.10000610351562,74650000
2017-01-12,226.52999877929688,72113200
2017-01-13,227.0500030517578,62717900
2017-01-17,226.25,61240800
2017-01-18,226.75,54793300
2017-01-19,225.91000366210938,66608800
2017-01-20,226.74000549316406,129168600
2017-01-23,226.14999389648438,75061600
2017-01-24,227.60000610351562,95555300
2017-01-25,229.57000732421875,84437700
2017-01-26,229.3300018310547,59970700
2017-01-27,228.97000122070312,59711100
2017-01-30,227.5500030517578,79737300
2017-01-31,227.52999877929688,75880800
2017-02-01,227.6199951171875,79117700
2017-02-02,227.77000427246094,69657600
2017-02-03,229.33999633789062,80563200
2017-02-06,228.92999267578125,57790100
2017-02-07,228.94000244140625,57931200
2017-02-08,229.24000549316406,51566200
2017-02-09,230.60000610351562,65955200
2017-02-10,231.50999450683594,66015900
2017-02-13,232.77000427246094,55182100
2017-02-14,233.6999969482422,71109000
2017-02-15,234.9199981689453,86785800
2017-02-16,234.72000122070312,84722400
2017-02-17,235.08999633789062,77204100
2017-02-21,236.49000549316406,88946100
2017-02-22,236.27999877929688,62115200
2017-02-23,236.44000244140625,74615900
2017-02-24,236.74000549316406,82381600
2017-02-27,237.11000061035156,56515400
2017-02-28,236.47000122070312,96961900
2017-03-01,239.77999877929688,149158200
2017-03-02,238.27000427246094,70246000
2017-03-03,238.4199981689453,81974300
2017-03-06,237.7100067138672,55391500
2017-03-07,237.0,65103700
2017-03-08,236.55999755859375,78168800
2017-03-09,236.86000061035156,90683900
2017-03-10,237.69000244140625,81991700
2017-03-13,237.80999755859375,57256800
2017-03-14,236.89999389648438,59880800
2017-03-15,238.9499969482422,96081800
2017-03-16,238.47999572753906,78344000
2017-03-17,237.02999877929688,89002100
2017-03-20,236.77000427246094,52537000
2017-03-21,233.72999572753906,131809300
2017-03-22,234.27999877929688,97569200
2017-03-23,234.02999877929688,100410300
2017-03-24,233.86000061035156,112504900
2017-03-27,233.6199951171875,87454500
2017-03-28,235.32000732421875,93483900
2017-03-29,235.5399932861328,61950400
2017-03-30,236.2899932861328,56737900
2017-03-31,235.74000549316406,73733100
2017-04-03,235.3300018310547,85546500
2017-04-04,235.47999572753906,56466200
2017-04-05,234.77999877929688,108800600
2017-04-06,235.44000244140625,69135800
2017-04-07,235.1999969482422,74412300
2017-04-10,235.33999633789062,67615300
2017-04-11,235.05999755859375,88045300
2017-04-12,234.02999877929688,81864400
2017-04-13,232.50999450683594,92880400
2017-04-17,234.57000732421875,68405400
2017-04-18,233.8699951171875,83225800
2017-04-19,233.44000244140625,68699900
2017-04-20,235.33999633789062,92572200
2017-04-21,234.58999633789062,110389800
2017-04-24,237.1699981689453,119209900
2017-04-25,238.5500030517578,76698300
2017-04-26,238.39999389648438,84702500
2017-04-27,238.60000610351562,57410300
2017-04-28,238.0800018310547,63532800
2017-05-01,238.67999267578125,66882500
2017-05-02,238.77000427246094,57375700
2017-05-03,238.47999572753906,73137700
2017-05-04,238.75999450683594,61462700
2017-05-05,239.6999969482422,62001300
2017-05-08,239.66000366210938,48385700
2017-05-09,239.44000244140625,51363200
2017-05-10,239.8699951171875,54293800
2017-05-11,239.3800048828125,62358300
2017-05-12,238.97999572753906,53912700
2017-05-15,240.3000030517578,61918900
2017-05-16,240.0800018310547,51241800
2017-05-17,235.82000732421875,172174100
2017-05-18,236.77000427246094,107047700
2017-05-19,238.30999755859375,115011400
2017-05-22,239.52000427246094,61010600
2017-05-23,240.0500030517578,48341700
2017-05-24,240.61000061035156,46927700
2017-05-25,241.75999450683594,64071700
2017-05-26,241.7100067138672,46629900
2017-05-30,241.5,35201900
2017-05-31,241.44000244140625,91796000
2017-06-01,243.36000061035156,68962000
2017-06-02,244.1699981689453,88666100
2017-06-05,243.99000549316406,44698800
2017-06-06,243.2100067138672,50375400
2017-06-07,243.66000366210938,54144300
2017-06-08,243.77999877929688,65950700
2017-06-09,243.41000366210938,132256400
2017-06-12,243.36000061035156,86108100
2017-06-13,244.5500030517578,60067000
2017-06-14,244.24000549316406,78602300
2017-06-15,243.77000427246094,66464900
2017-06-16,242.63999938964844,84553100
2017-06-19,244.66000366210938,65123800
2017-06-20,243.00999450683594,56906400
2017-06-21,242.9499969482422,55977600
2017-06-22,242.83999633789062,44148100
2017-06-23,243.1300048828125,66986800
2017-06-26,243.2899932861328,56700500
2017-06-27,241.3300018310547,82247700
2017-06-28,243.49000549316406,70042600
2017-06-29,241.35000610351562,106949700
2017-06-30,241.8000030517578,86820700
2017-07-03,242.2100067138672,39153800
2017-07-05,242.77000427246094,54427600
2017-07-06,240.5500030517578,65400800
2017-07-07,242.11000061035156,57972300
2017-07-10,242.3699951171875,36663300
2017-07-11,242.19000244140625,50354600
2017-07-12,244.00999450683594,59610400
2017-07-13,244.4199981689453,39471600
2017-07-14,245.55999755859375,60262700
2017-07-17,245.52999877929688,33531900
2017-07-18,245.66000366210938,42742500
2017-07-19,246.99000549316406,51034300
2017-07-20,247.10000610351562,47135200
2017-07-21,246.8800048828125,82340800
2017-07-24,246.82000732421875,46622300
2017-07-25,247.4199981689453,54915600
2017-07-26,247.42999267578125,47575400
2017-07-27,247.1999969482422,70766600
2017-07-28,246.91000366210938,50088400
2017-07-31,246.77000427246094,65838700
2017-08-01,247.32000732421875,55050400
2017-08-02,247.44000244140625,47211200
2017-08-03,246.9600067138672,40856000
2017-08-04,247.41000366210938,60191800
2017-08-07,247.8699951171875,31995000
2017-08-08,247.25999450683594,61719400
2017-08-09,247.25,62632600
2017-08-10,243.75999450683594,120479500
2017-08-11,244.1199951171875,74869900
2017-08-14,246.5399932861328,73291900
2017-08-15,246.50999450683594,55242700
2017-08-16,246.94000244140625,56715500
2017-08-17,243.08999633789062,128490400
2017-08-18,242.7100067138672,136748000
2017-08-21,242.89999389648438,65469700
2017-08-22,245.44000244140625,63140100
2017-08-23,244.55999755859375,50203800
2017-08-24,243.99000549316406,50741700
2017-08-25,244.55999755859375,64445900
2017-08-28,244.57000732421875,40565600
2017-08-29,244.85000610351562,51135700
2017-08-30,246.00999450683594,62030800
2017-08-31,247.49000549316406,103803900
2017-09-01,247.83999633789062,62007000
2017-09-05,246.05999755859375,91398800
2017-09-06,246.89999389648438,57916900
2017-09-07,246.8699951171875,58034700
2017-09-08,246.5800018310547,63832800
2017-09-11,249.2100067138672,71364800
2017-09-12,250.0500030517578,56896000
2017-09-13,250.1699981689453,59228000
2017-09-14,250.08999633789062,95446300
2017-09-15,249.19000244140625,95432400
2017-09-18,249.72000122070312,46235200
2017-09-19,249.97000122070312,47108100
2017-09-20,250.05999755859375,59574100
2017-09-21,249.38999938964844,48211400
2017-09-22,249.44000244140625,51214000
2017-09-25,248.92999267578125,57064400
2017-09-26,249.0800018310547,54082000
2017-09-27,250.0500030517578,81001400
2017-09-28,250.35000610351562,44778800
2017-09-29,251.22999572753906,85578000
2017-10-02,252.32000732421875,59023000
2017-10-03,252.86000061035156,66810200
2017-10-04,253.16000366210938,55953600
2017-10-05,254.66000366210938,63522800
2017-10-06,254.3699951171875,80646000
2017-10-09,253.9499969482422,35803100
2017-10-10,254.6199951171875,43057400
2017-10-11,255.02000427246094,47674300
2017-10-12,254.63999938964844,47065100
2017-10-13,254.9499969482422,54800400
2017-10-16,255.2899932861328,38221700
2017-10-17,255.47000122070312,31561000
2017-10-18,255.72000122070312,40888300
2017-10-19,255.7899932861328,61903800
2017-10-20,257.1099853515625,89176400
2017-10-23,256.1099853515625,63915300
2017-10-24,256.55999755859375,66935900
2017-10-25,255.2899932861328,103715300
2017-10-26,255.6199951171875,69798000
2017-10-27,257.7099914550781,85562500
2017-10-30,256.75,54285700
2017-10-31,257.1499938964844,60304800
2017-11-01,257.489990234375,54202700
2017-11-02,257.5899963378906,56449500
2017-11-03,258.45001220703125,59589700
2017-11-06,258.8500061035156,49652600
2017-11-07,258.6700134277344,57502200
2017-11-08,259.1099853515625,50469600
2017-11-09,258.1700134277344,95085500
2017-11-10,258.0899963378906,59984700
2017-11-13,258.3299865722656,50228600
2017-11-14,257.7300109863281,61315200
2017-11-15,256.44000244140625,80811500
2017-11-16,258.6199951171875,67777000
2017-11-17,257.8599853515625,75756800
2017-11-20,258.29998779296875,48075500
2017-11-21,259.989990234375,69176800
2017-11-22,259.760009765625,45033400
2017-11-24,260.3599853515625,27856500
2017-11-27,260.2300109863281,52274900
2017-11-28,262.8699951171875,98971700
2017-11-29,262.7099914550781,77512100
2017-11-30,265.010009765625,127894400
2017-12-01,264.4599914550781,164390900
2017-12-04,264.1400146484375,94040600
2017-12-05,263.19000244140625,77994500
2017-12-06,263.239990234375,75898600
2017-12-07,264.07000732421875,77218600
2017-12-08,265.510009765625,76563900
2017-12-11,266.30999755859375,83077500
2017-12-12,266.7799987792969,85195800
2017-12-13,266.75,102905400
2017-12-14,265.6600036621094,100666700
2017-12-15,266.510009765625,144610300
2017-12-18,268.20001220703125,83653600
2017-12-19,267.1700134277344,82382900
2017-12-20,267.0299987792969,76751500
2017-12-21,267.5799865722656,67032300
2017-12-22,267.510009765625,78720900
2017-12-26,267.19000244140625,45244400
2017-12-27,267.32000732421875,57751000
2017-12-28,267.8699951171875,45116100
2017-12-29,266.8599853515625,96007400
2018-01-02,268.7699890136719,86655700
2018-01-03,270.4700012207031,90070400
2018-01-04,271.6099853515625,80636400
2018-01-05,273.4200134277344,83524000
2018-01-08,273.9200134277344,57319200
2018-01-09,274.5400085449219,57254000
2018-01-10,274.1199951171875,69574300
2018-01-11,276.1199951171875,62361500
2018-01-12,277.9200134277344,90816100
2018-01-16,276.9700012207031,106555100
2018-01-17,279.6099853515625,113258800
2018-01-18,279.1400146484375,100728000
2018-01-19,280.4100036621094,140920100
2018-01-22,282.69000244140625,91322400
2018-01-23,283.2900085449219,97084700
2018-01-24,283.17999267578125,134816100
2018-01-25,283.29998779296875,84587300
2018-01-26,286.5799865722656,107743100
2018-01-29,284.67999267578125,90118300
2018-01-30,281.760009765625,131796400
2018-01-31,281.8999938964844,108364800
2018-02-01,281.5799865722656,90102500
2018-02-02,275.45001220703125,173174800
2018-02-05,263.92999267578125,294681800
2018-02-06,269.1300048828125,355026800
2018-02-07,267.6700134277344,167376100
2018-02-08,257.6300048828125,246449500
2018-02-09,261.5,283565300
2018-02-12,265.3399963378906,143736000
2018-02-13,266.0,81223600
2018-02-14,269.5899963378906,120735700
2018-02-15,273.0299987792969,111200300
2018-02-16,273.1099853515625,160420100
2018-02-20,271.3999938964844,86369700
2018-02-21,270.04998779296875,98883700
2018-02-22,270.3999938964844,110511300
2018-02-23,274.7099914550781,92766400
2018-02-26,277.8999938964844,86491400
2018-02-27,274.42999267578125,99099200
2018-02-28,271.6499938964844,121907800
2018-03-01,267.70001220703125,176855100
2018-03-02,269.0799865722656,139083200
2018-03-05,272.19000244140625,97307400
2018-03-06,272.8800048828125,79213200
2018-03-07,272.7799987792969,87063500
2018-03-08,274.1000061035156,66901200
2018-03-09,278.8699951171875,113625300
2018-03-12,278.5199890136719,71924800
2018-03-13,276.7200012207031,91968900
2018-03-14,275.29998779296875,105895100
2018-03-15,275.0,83433000
2018-03-16,274.20001220703125,100343700
2018-03-19,270.489990234375,109208400
2018-03-20,270.95001220703125,59757300
2018-03-21,270.42999267578125,78709600
2018-03-22,263.6700134277344,148785900
2018-03-23,258.04998779296875,183534800
2018-03-26,265.1099853515625,141956100
2018-03-27,260.6000061035156,129941400
2018-03-28,259.8299865722656,146452300
2018-03-29,263.1499938964844,111601600
2018-04-02,257.4700012207031,186286300
2018-04-03,260.7699890136719,119956900
2018-04-04,263.55999755859375,123715300
2018-04-05,265.6400146484375,82652600
2018-04-06,259.7200012207031,179521200
2018-04-09,261.0,105442900
2018-04-10,265.1499938964844,103529000
2018-04-11,263.760009765625,91140200
2018-04-12,265.92999267578125,68890500
2018-04-13,265.1499938964844,85079200
2018-04-16,267.3299865722656,63405300
2018-04-17,270.19000244140625,64682000
2018-04-18,270.3900146484375,57303900
2018-04-19,268.8900146484375,77655900
2018-04-20,266.6099853515625,99953100
2018-04-23,266.57000732421875,65558000
2018-04-24,262.9800109863281,112885500
2018-04-25,263.6300048828125,103840900
2018-04-26,266.30999755859375,67731900
2018-04-27,266.55999755859375,57053600
2018-04-30,264.510009765625,82182300
2018-05-01,264.9800109863281,74203400
2018-05-02,263.20001220703125,86368900
2018-05-03,262.6199951171875,136311500
2018-05-04,266.0199890136719,91222100
2018-05-07,266.9200134277344,55304900
2018-05-08,266.9200134277344,67499200
2018-05-09,269.5,59666100
2018-05-10,272.0199890136719,72063900
2018-05-11,272.8500061035156,59871500
2018-05-14,272.9800109863281,54790600
2018-05-15,271.1000061035156,87036100
2018-05-16,272.239990234375,53942600
2018-05-17,272.010009765625,56536400
2018-05-18,271.3299865722656,64368000
2018-05-21,273.3699951171875,58025900
2018-05-22,272.6099853515625,52966400
2018-05-23,273.3599853515625,64694200
2018-05-24,272.79998779296875,76043800
2018-05-25,272.1499938964844,56374800
2018-05-29,269.0199890136719,115908600
2018-05-30,272.6099853515625,69678400
2018-05-31,270.94000244140625,93519900
2018-06-01,273.6000061035156,71258400
2018-06-04,274.8999938964844,45385200
2018-06-05,275.1000061035156,51135000
2018-06-06,277.3999938964844,62732200
2018-06-07,277.3699951171875,72969400
2018-06-08,278.19000244140625,72139700
2018-06-11,278.55999755859375,58892500
2018-06-12,278.9200134277344,72329000
2018-06-13,278.0299987792969,79070600
2018-06-14,278.7300109863281,77097600
2018-06-15,277.1300048828125,120041600
2018-06-18,276.55999755859375,52917600
2018-06-19,275.5,97531500
2018-06-20,275.9700012207031,53785500
2018-06-21,274.239990234375,71061400
2018-06-22,274.739990234375,54898500
2018-06-25,271.0,137854200
2018-06-26,271.6000061035156,68547400
2018-06-27,269.3500061035156,105110700
2018-06-28,270.8900146484375,76650500
2018-06-29,271.2799987792969,97592500
2018-07-02,271.8599853515625,63554800
2018-07-03,270.8999938964844,42187100
2018-07-05,273.1099853515625,56925900
2018-07-06,275.4200134277344,66493700
2018-07-09,277.8999938964844,50550400
2018-07-10,278.8999938964844,51966800
2018-07-11,276.8599853515625,77054700
2018-07-12,279.3699951171875,60124700
2018-07-13,279.5899963378906,48216000
2018-07-16,279.3399963378906,48201000
2018-07-17,280.4700012207031,52315500
2018-07-18,281.05999755859375,44593500
2018-07-19,280.0,61412100
2018-07-20,279.67999267578125,82337700
2018-07-23,280.20001220703125,47047600
2018-07-24,281.6099853515625,68026900
2018-07-25,284.010009765625,78882900
2018-07-26,283.3399963378906,57919500
2018-07-27,281.4200134277344,76768700
2018-07-30,279.95001220703125,63742500
2018-07-31,281.3299865722656,68570500
2018-08-01,280.8599853515625,53853300
2018-08-02,282.3900146484375,63426400
2018-08-03,283.6000061035156,53935400
2018-08-06,284.6400146484375,39400900
2018-08-07,285.5799865722656,43196600
2018-08-08,285.4599914550781,42114600
2018-08-09,285.07000732421875,35717000
2018-08-10,283.1600036621094,77076000
2018-08-13,282.1000061035156,65732900
2018-08-14,283.8999938964844,43842000
2018-08-15,281.7799987792969,102925400
2018-08-16,284.05999755859375,69967900
2018-08-17,285.05999755859375,65618500
2018-08-20,285.6700134277344,39807500
2018-08-21,286.3399963378906,67272000
2018-08-22,286.1700134277344,44993300
2018-08-23,285.7900085449219,49204900
2018-08-24,287.510009765625,57487400
2018-08-27,289.7799987792969,57072400
2018-08-28,289.9200134277344,46943500
2018-08-29,291.4800109863281,61485500
2018-08-30,290.29998779296875,61229500
2018-08-31,290.30999755859375,66140800
2018-09-04,289.80999755859375,57594400
2018-09-05,289.0299987792969,72452400
2018-09-06,288.1600036621094,65909900
2018-09-07,287.6000061035156,73524800
2018-09-10,288.1000061035156,50210900
2018-09-11,289.04998779296875,50530500
2018-09-12,289.1199951171875,59810800
2018-09-13,290.8299865722656,51034200
2018-09-14,290.8800048828125,55079900
2018-09-17,289.3399963378906,68244000
2018-09-18,290.9100036621094,61930400
2018-09-19,291.2200012207031,49080600
2018-09-20,293.5799865722656,100360600
2018-09-21,291.989990234375,105479700
2018-09-24,291.0199890136719,53409600
2018-09-25,290.75,44370000
2018-09-26,289.8800048828125,79739700
2018-09-27,290.69000244140625,59249500
2018-09-28,290.7200012207031,70091400
2018-10-01,291.7300109863281,62078900
2018-10-02,291.55999755859375,47258200
2018-10-03,291.7200012207031,64694600
2018-10-04,289.44000244140625,111545900
2018-10-05,287.82000732421875,105951700
2018-10-08,287.82000732421875,87742200
2018-10-09,287.3999938964844,74339000
2018-10-10,278.29998779296875,214731000
2018-10-11,272.1700134277344,274840500
2018-10-12,275.95001220703125,183186500
2018-10-15,274.3999938964844,102263700
2018-10-16,280.3999938964844,118255800
2018-10-17,280.45001220703125,110626000
2018-10-18,276.3999938964844,134557500
2018-10-19,276.25,139901600
2018-10-22,275.010009765625,82415800
2018-10-23,273.6099853515625,146352700
2018-10-24,265.32000732421875,177806700
2018-10-25,270.0799865722656,138061500
2018-10-26,265.3299865722656,201574600
2018-10-29,263.8599853515625,160749100
2018-10-30,267.7699890136719,157116000
2018-10-31,270.6300048828125,128296300
2018-11-01,273.510009765625,99495000
2018-11-02,271.8900146484375,122634100
2018-11-05,273.3900146484375,65622500
2018-11-06,275.1199951171875,60085900
2018-11-07,281.010009765625,102752100
2018-11-08,280.5,65584900
2018-11-09,277.760009765625,98812600
2018-11-12,272.57000732421875,99673600
2018-11-13,272.05999755859375,98176600
2018-11-14,270.20001220703125,125335900
2018-11-15,273.0199890136719,135101400
2018-11-16,273.7300109863281,126668000
2018-11-19,269.1000061035156,103061700
2018-11-20,264.1199951171875,136021300
2018-11-21,265.0199890136719,75563700
2018-11-23,263.25,42807900
2018-11-26,267.5,79981400
2018-11-27,268.3999938964844,75502400
2018-11-28,274.5799865722656,127629600
2018-11-29,273.9800109863281,82346400
2018-11-30,275.6499938964844,98204200
2018-12-03,279.29998779296875,103176300
2018-12-04,270.25,177986000
2018-12-06,269.8399963378906,204185400
2018-12-07,263.57000732421875,161018900
2018-12-10,264.07000732421875,151445900
2018-12-11,264.1300048828125,121504400
2018-12-12,265.4599914550781,97976700
2018-12-13,265.3699951171875,96662700
2018-12-14,260.4700012207031,116961100
2018-12-17,255.36000061035156,165492300
2018-12-18,255.0800018310547,134515100
2018-12-19,251.25999450683594,214992800
2018-12-20,247.1699981689453,252053400
2018-12-21,240.6999969482422,255345600
2018-12-24,234.33999633789062,147311600
2018-12-26,246.17999267578125,218485400
2018-12-27,248.07000732421875,186267300
2018-12-28,247.75,153100200
2018-12-31,249.9199981689453,144299400
2019-01-02,250.17999267578125,126925200
2019-01-03,244.2100067138672,144140700
2019-01-04,252.38999938964844,142628800
2019-01-07,254.3800048828125,103139100
2019-01-08,256.7699890136719,102512600
2019-01-09,257.9700012207031,95006600
2019-01-10,258.8800048828125,96823900
2019-01-11,258.9800109863281,73858100
2019-01-14,257.3999938964844,70908200
2019-01-15,260.3500061035156,85208300
2019-01-16,260.9800109863281,77636700
2019-01-17,262.9599914550781,96118400
2019-01-18,266.4599914550781,127900300
2019-01-22,262.8599853515625,115531200
2019-01-23,263.4100036621094,86030300
2019-01-24,263.54998779296875,59204100
2019-01-25,265.7799987792969,96883400
2019-01-28,263.760009765625,85613700
2019-01-29,263.4100036621094,66136300
2019-01-30,267.5799865722656,92473700
2019-01-31,269.92999267578125,104012100
2019-02-01,270.05999755859375,85782500
2019-02-04,271.9599914550781,60744800
2019-02-05,273.1000061035156,79552800
2019-02-06,272.739990234375,58347800
2019-02-07,270.1400146484375,95482000
2019-02-08,270.4700012207031,75788900
2019-02-11,270.6199951171875,68021400
2019-02-12,274.1000061035156,72270200
2019-02-13,274.989990234375,65277200
2019-02-14,274.3800048828125,83234400
2019-02-15,277.3699951171875,97088700
2019-02-19,277.8500061035156,59120800
2019-02-20,278.4100036621094,76610800
2019-02-21,277.4200134277344,64214700
2019-02-22,279.1400146484375,78114600
2019-02-25,279.5199890136719,69030700
2019-02-26,279.32000732421875,56844100
2019-02-27,279.20001220703125,56921600
2019-02-28,278.67999267578125,69268300
2019-03-01,280.4200134277344,78880500
2019-03-04,279.3999938964844,106494600
2019-03-05,279.0199890136719,59114600
2019-03-06,277.3299865722656,75039800
2019-03-07,275.010009765625,94885100
2019-03-08,274.4599914550781,85795800
2019-03-11,278.44000244140625,65098900
2019-03-12,279.489990234375,79667500
2019-03-13,281.3399963378906,80639200
2019-03-14,281.1600036621094,67518400
2019-03-15,281.30999755859375,81309000
2019-03-18,282.3299865722656,62199800
2019-03-19,282.3999938964844,90268100
2019-03-20,281.54998779296875,84609200
2019-03-21,284.7300109863281,79550400
2019-03-22,279.25,122659300
2019-03-25,279.0400085449219,85575200
2019-03-26,281.1199951171875,68125900
2019-03-27,279.6499938964844,72224700
2019-03-28,280.7099914550781,56238500
2019-03-29,282.4800109863281,82186800
2019-04-01,285.8299865722656,77617900
2019-04-02,285.9700012207031,40070400
2019-04-03,286.4200134277344,68243200
2019-04-04,287.17999267578125,48997500
2019-04-05,288.57000732421875,58621700
2019-04-08,288.7900085449219,53566300
2019-04-09,287.30999755859375,66142300
2019-04-10,288.2900085449219,52601500
2019-04-11,288.2099914550781,55093100
2019-04-12,290.1600036621094,69727800
2019-04-15,289.9700012207031,49596700
2019-04-16,290.1600036621094,52153200
2019-04-17,289.45001220703125,58268300
2019-04-18,290.0199890136719,68708500
2019-04-22,290.2699890136719,40160100
2019-04-23,292.8800048828125,52246600
2019-04-24,292.2300109863281,50392900
2019-04-25,292.04998779296875,57770900
2019-04-26,293.4100036621094,50916400
2019-04-29,293.8699951171875,57197700
2019-04-30,294.0199890136719,81111700
2019-05-01,291.80999755859375,71671900
2019-05-02,291.17999267578125,65030200
2019-05-03,294.0299987792969,56543700
2019-05-06,292.82000732421875,107198100
2019-05-07,287.92999267578125,144729900
2019-05-08,287.5299987792969,91568300
2019-05-09,286.6600036621094,103471100
2019-05-10,288.1000061035156,112429300
2019-05-13,280.8599853515625,127290500
2019-05-14,283.3999938964844,77003200
2019-05-15,285.05999755859375,73956400
2019-05-16,287.70001220703125,76749600
2019-05-17,285.8399963378906,100353000
2019-05-20,283.95001220703125,62877600
2019-05-21,286.510009765625,46847100
2019-05-22,285.6300048828125,49482500
2019-05-23,282.1400146484375,98733800
2019-05-24,282.7799987792969,55268100
2019-05-28,280.1499938964844,70029400
2019-05-29,278.2699890136719,104972900
2019-05-30,279.0299987792969,62523800
2019-05-31,275.2699890136719,86862800
2019-06-03,274.57000732421875,96428000
2019-06-04,280.5299987792969,77231900
2019-06-05,282.9599914550781,71169700
2019-06-06,284.79998779296875,69430400
2019-06-07,287.6499938964844,74272200
2019-06-10,288.9700012207031,60799100
2019-06-11,288.8999938964844,58641300
2019-06-12,288.3900146484375,47096300
2019-06-13,289.5799865722656,48945200
2019-06-14,289.260009765625,52324700
2019-06-17,289.3699951171875,39205700
2019-06-18,292.3999938964844,85434800
2019-06-19,293.05999755859375,78674400
2019-06-20,295.8599853515625,116570000
2019-06-21,294.0,83309500
2019-06-24,293.6400146484375,47582700
2019-06-25,290.760009765625,82028700
2019-06-26,290.4700012207031,51584900
2019-06-27,291.5,40355200
2019-06-28,293.0,59350900
2019-07-01,295.6600036621094,78705600
2019-07-02,296.42999267578125,61504500
2019-07-03,298.79998779296875,40898900
2019-07-05,298.4599914550781,51677300
2019-07-08,296.82000732421875,45841800
2019-07-09,297.19000244140625,41101300
2019-07-10,298.6099853515625,58448500
2019-07-11,299.30999755859375,50826100
2019-07-12,300.6499938964844,40326000
2019-07-15,300.75,33900000
2019-07-16,299.7799987792969,36650100
2019-07-17,297.739990234375,36036300
2019-07-18,298.8299865722656,51392600
2019-07-19,297.1700134277344,58678600
2019-07-22,297.8999938964844,43638100
2019-07-23,300.0299987792969,44564500
2019-07-24,301.44000244140625,47213200
2019-07-25,300.0,55394100
2019-07-26,302.010009765625,45084100
2019-07-29,301.4599914550781,38126500
2019-07-30,300.7200012207031,45849000
2019-07-31,297.42999267578125,104245200
2019-08-01,294.8399963378906,142646600
2019-08-02,292.6199951171875,116749700
2019-08-05,283.82000732421875,178745400
2019-08-06,287.79998779296875,120711700
2019-08-07,287.9700012207031,140572300
2019-08-08,293.6199951171875,87713900
2019-08-09,291.6199951171875,93730000
2019-08-12,288.07000732421875,65527600
2019-08-13,292.54998779296875,94299800
2019-08-14,283.8999938964844,135622100
2019-08-15,284.6499938964844,99556600
2019-08-16,288.8500061035156,83018300
2019-08-19,292.3299865722656,53571800
2019-08-20,290.0899963378906,51596400
2019-08-21,292.45001220703125,49524700
2019-08-22,292.3599853515625,51666400
2019-08-23,284.8500061035156,149161500
2019-08-26,288.0,72423800
2019-08-27,286.8699951171875,66668900
2019-08-28,288.8900146484375,59696700
2019-08-29,292.5799865722656,57899400
2019-08-30,292.45001220703125,62901200
2019-09-03,290.739990234375,69101400
2019-09-04,294.0400085449219,46887300
2019-09-05,297.82000732421875,83258100
2019-09-06,298.04998779296875,49584300
2019-09-09,298.20001220703125,51260300
2019-09-10,298.1300048828125,57947100
2019-09-11,300.25,68821100
2019-09-12,301.2900085449219,72908700
2019-09-13,301.0899963378906,62104800
2019-09-16,300.1600036621094,58191200
2019-09-17,300.9200134277344,41475500
2019-09-18,301.1000061035156,73375800
2019-09-19,301.0799865722656,76560500
2019-09-20,298.2799987792969,89565000
2019-09-23,298.2099914550781,43476800
2019-09-24,295.8699951171875,94869400
2019-09-25,297.6199951171875,71854000
2019-09-26,297.0,56179700
2019-09-27,295.3999938964844,84746600
2019-09-30,296.7699890136719,51662400
2019-10-01,293.239990234375,88242400
2019-10-02,288.05999755859375,122539500
2019-10-03,290.4200134277344,85278800
2019-10-04,294.3500061035156,65091200
2019-10-07,293.0799865722656,59610500
2019-10-08,288.5299987792969,95708100
2019-10-09,291.2699890136719,62359400
2019-10-10,293.239990234375,55296300
2019-10-11,296.2799987792969,98720400
2019-10-14,295.95001220703125,40394800
2019-10-15,298.8800048828125,46754500
2019-10-16,298.3999938964844,48928200
2019-10-17,299.2799987792969,45736600
2019-10-18,297.9700012207031,64304000
2019-10-21,299.989990234375,39048600
2019-10-22,299.010009765625,48594700
2019-10-23,299.8800048828125,34352200
2019-10-24,300.3699951171875,35453100
2019-10-25,301.6000061035156,45205400
2019-10-28,303.29998779296875,42147000
2019-10-29,303.2099914550781,44284900
2019-10-30,304.1400146484375,49643900
2019-10-31,303.3299865722656,69053800
2019-11-01,306.1400146484375,71141500
2019-11-04,307.3699951171875,60606900
2019-11-05,307.0299987792969,42933200
2019-11-06,307.1000061035156,46487100
2019-11-07,308.17999267578125,54272300
2019-11-08,308.94000244140625,49032100
2019-11-11,308.3500061035156,35797300
2019-11-12,309.0,46484600
2019-11-13,309.1000061035156,53917700
2019-11-14,309.54998779296875,51219900
2019-11-15,311.7900085449219,62023600
2019-11-18,312.0199890136719,49228000
2019-11-19,311.92999267578125,67804700
2019-11-20,310.7699890136719,79406200
2019-11-21,310.2699890136719,54664700
2019-11-22,310.9599914550781,44850200
2019-11-25,313.3699951171875,48647200
2019-11-26,314.0799865722656,37569000
2019-11-27,315.4800109863281,44444600
2019-11-29,314.30999755859375,36592700
2019-12-02,311.6400146484375,75767800
2019-12-03,309.54998779296875,73941700
2019-12-04,311.4599914550781,49080000
2019-12-05,312.0199890136719,40709000
2019-12-06,314.8699951171875,48927000
2019-12-09,313.8800048828125,34838500
2019-12-10,313.5299987792969,52649800
2019-12-11,314.4200134277344,53429100
2019-12-12,317.1300048828125,96389600
2019-12-13,317.32000732421875,81503900
2019-12-16,319.5,82749700
2019-12-17,319.57000732421875,61097700
2019-12-18,319.5899963378906,48133000
2019-12-19,320.8999938964844,85310500
2019-12-20,320.7300109863281,147142100
2019-12-23,321.2200012207031,52990000
2019-12-24,321.2300109863281,20270000
2019-12-26,322.94000244140625,30911200
2019-12-27,322.8599853515625,42528800
2019-12-30,321.0799865722656,49729100
2019-12-31,321.8599853515625,57077300
2020-01-02,324.8699951171875,59151200
2020-01-03,322.4100036621094,77709700
2020-01-06,323.6400146484375,55653900
2020-01-07,322.7300109863281,40496400
2020-01-08,324.45001220703125,68296000
2020-01-09,326.6499938964844,48473300
2020-01-10,325.7099914550781,53029300
2020-01-13,327.95001220703125,47086800
2020-01-14,327.45001220703125,62832800
2020-01-15,328.19000244140625,72056600
2020-01-16,330.9200134277344,54050300
2020-01-17,331.95001220703125,95846000
2020-01-21,331.29998779296875,77742400
2020-01-22,331.3399963378906,48914900
2020-01-23,331.7200012207031,51963000
2020-01-24,328.7699890136719,87578400
2020-01-27,323.5,84062500
2020-01-28,326.8900146484375,63834000
2020-01-29,326.6199951171875,53888900
2020-01-30,327.67999267578125,75491800
2020-01-31,321.7300109863281,113845600
2020-02-03,324.1199951171875,69083000
2020-02-04,329.05999755859375,62573200
2020-02-05,332.8599853515625,65951100
2020-02-06,333.9800109863281,50359700
2020-02-07,332.20001220703125,64139400
2020-02-10,334.67999267578125,42070000
2020-02-11,335.260009765625,54864500
2020-02-12,337.4200134277344,43992700
2020-02-13,337.05999755859375,54501900
2020-02-14,337.6000061035156,64582200
2020-02-18,336.7300109863281,57226200
2020-02-19,338.3399963378906,48814700
2020-02-20,336.95001220703125,74163400
2020-02-21,333.4800109863281,113788200
2020-02-24,322.4200134277344,161088400
2020-02-25,312.6499938964844,218913200
2020-02-26,311.5,194773800
2020-02-27,297.510009765625,284353500
2020-02-28,296.260009765625,384975800
2020-03-02,309.0899963378906,238703600
2020-03-03,300.239990234375,300139100
2020-03-04,312.8599853515625,176613400
2020-03-05,302.4599914550781,186366800
2020-03-06,297.4599914550781,228667200
2020-03-09,274.2300109863281,309417300
2020-03-10,288.4200134277344,276444100
2020-03-11,274.3599853515625,255316300
2020-03-12,248.11000061035156,392220700
2020-03-13,269.32000732421875,329566100
2020-03-16,239.85000610351562,297240000
2020-03-17,252.8000030517578,262070500
2020-03-18,240.0,327597100
2020-03-19,240.50999450683594,289322000
2020-03-20,228.8000030517578,347158800
2020-03-23,222.9499969482422,326025200
2020-03-24,243.14999389648438,235494500
2020-03-25,246.7899932861328,299430300
2020-03-26,261.20001220703125,257632800
2020-03-27,253.4199981689453,224341200
2020-03-30,261.6499938964844,171369500
2020-03-31,257.75,194881100
2020-04-01,246.14999389648438,189554600
2020-04-02,251.8300018310547,177660400
2020-04-03,248.19000244140625,135561200
2020-04-06,264.8599853515625,188061200
2020-04-07,265.1300048828125,201427200
2020-04-08,274.0299987792969,153774500
2020-04-09,278.20001220703125,189999200
2020-04-13,275.6600036621094,114839100
2020-04-14,283.7900085449219,134143400
2020-04-15,277.760009765625,121775000
2020-04-16,279.1000061035156,131798300
2020-04-17,286.6400146484375,146684800
2020-04-20,281.5899963378906,100109300
2020-04-21,273.0400085449219,126385700
2020-04-22,279.1000061035156,92951600
2020-04-23,279.0799865722656,104709700
2020-04-24,282.9700012207031,85063200
2020-04-27,287.04998779296875,77896600
2020-04-28,285.7300109863281,105270000
2020-04-29,293.2099914550781,118745600
2020-04-30,290.4800109863281,122901700
2020-05-01,282.7900085449219,125180000
2020-05-04,283.57000732421875,80873200
2020-05-05,286.19000244140625,79569900
2020-05-06,284.25,73632600
2020-05-07,287.67999267578125,75250400
2020-05-08,292.44000244140625,76452400
2020-05-11,292.5,79514200
2020-05-12,286.6700134277344,95870800
2020-05-13,281.6000061035156,144721100
2020-05-14,284.9700012207031,121977900
2020-05-15,286.2799987792969,111146300
2020-05-18,295.0,119703800
2020-05-19,291.9700012207031,95189300
2020-05-20,296.92999267578125,85861700
2020-05-21,294.8800048828125,78293900
2020-05-22,295.44000244140625,63958200
2020-05-26,299.0799865722656,88951400
2020-05-27,303.5299987792969,104817400
2020-05-28,302.9700012207031,90405200
2020-05-29,304.32000732421875,119090800
2020-06-01,305.54998779296875,55758300
2020-06-02,308.0799865722656,74267200
2020-06-03,312.17999267578125,92567600
2020-06-04,311.3599853515625,75794400
2020-06-05,319.3399963378906,150524700
2020-06-08,323.20001220703125,73641200
2020-06-09,320.7900085449219,77479200
2020-06-10,319.0,95000800
2020-06-11,300.6099853515625,209243600
2020-06-12,304.2099914550781,194678900
2020-06-15,307.04998779296875,135782700
2020-06-16,312.9599914550781,137627500
2020-06-17,311.6600036621094,83398900
2020-06-18,311.7799987792969,80828700
2020-06-19,308.6400146484375,135549600
2020-06-22,310.6199951171875,74649400
2020-06-23,312.04998779296875,68471200
2020-06-24,304.0899963378906,132813500
2020-06-25,307.3500061035156,89468000
2020-06-26,300.04998779296875,127961000
2020-06-29,304.4599914550781,79773300
2020-06-30,308.3599853515625,113394800
2020-07-01,310.5199890136719,72396500
2020-07-02,312.2300109863281,69344200
2020-07-06,317.04998779296875,61713800
2020-07-07,313.7799987792969,82910000
2020-07-08,316.17999267578125,54638600
2020-07-09,314.3800048828125,83354200
2020-07-10,317.5899963378906,57550400
2020-07-13,314.8399963378906,102997500
2020-07-14,318.9200134277344,93657000
2020-07-15,321.8500061035156,87196500
2020-07-16,320.7900085449219,54622500
2020-07-17,321.7200012207031,62774900
2020-07-20,324.32000732421875,56308800
2020-07-21,325.010009765625,57292200
2020-07-22,326.8599853515625,57792900
2020-07-23,322.9599914550781,75738000
2020-07-24,320.8800048828125,73766600
2020-07-27,323.2200012207031,48293000
2020-07-28,321.1700134277344,57495000
2020-07-29,325.1199951171875,48454200
2020-07-30,323.9599914550781,61861700
2020-07-31,326.5199890136719,84986800
2020-08-03,328.7900085449219,53077900
2020-08-04,330.05999755859375,41917900
2020-08-05,332.1099853515625,42697700
2020-08-06,334.3299865722656,43679400
2020-08-07,334.57000732421875,57308300
2020-08-10,335.57000732421875,44282100
2020-08-11,332.79998779296875,69601100
2020-08-12,337.44000244140625,53774400
2020-08-13,336.8299865722656,41816100
2020-08-14,336.8399963378906,47260400
2020-08-17,337.9100036621094,35481000
2020-08-18,338.6400146484375,38733900
2020-08-19,337.2300109863281,68054200
2020-08-20,338.2799987792969,42207800
2020-08-21,339.4800109863281,55106600
2020-08-24,342.9200134277344,48588700
2020-08-25,344.1199951171875,38463400
2020-08-26,347.57000732421875,50790200
2020-08-27,348.3299865722656,58034100
2020-08-28,350.5799865722656,48588900
2020-08-31,349.30999755859375,66099200
2020-09-01,352.6000061035156,54908700
2020-09-02,357.70001220703125,69540000
2020-09-03,345.3900146484375,148011100
2020-09-04,342.57000732421875,139156300
2020-09-08,333.2099914550781,114465300
2020-09-09,339.7900085449219,91462300
2020-09-10,333.8900146484375,90569500
2020-09-11,334.05999755859375,84680200
2020-09-14,338.4599914550781,65605700
2020-09-15,340.1700134277344,52920900
2020-09-16,338.82000732421875,82096000
2020-09-17,335.8399963378906,91523300
2020-09-18,330.6499938964844,105877900
2020-09-21,326.9700012207031,99450800
2020-09-22,330.29998779296875,63612100
2020-09-23,322.6400146484375,93112200
2020-09-24,323.5,76681300
2020-09-25,328.7300109863281,71069400
2020-09-28,334.19000244140625,64584600
2020-09-29,332.3699951171875,51304000
2020-09-30,334.8900146484375,104081100
2020-10-01,337.0400085449219,88698700
2020-10-02,333.8399963378906,89431100
2020-10-05,339.760009765625,45713100
2020-10-06,334.92999267578125,90128900
2020-10-07,340.760009765625,56999600
2020-10-08,343.7799987792969,45242500
2020-10-09,346.8500061035156,59528600
2020-10-12,352.42999267578125,80388500
2020-10-13,350.1300048828125,73255500
2020-10-14,347.92999267578125,57727900
2020-10-15,347.5,60357700
2020-10-16,347.2900085449219,89501900
2020-10-19,342.010009765625,68425600
2020-10-20,343.3800048828125,60051900
2020-10-21,342.7300109863281,63575000
2020-10-22,344.6099853515625,55399300
2020-10-23,345.7799987792969,49143900
2020-10-26,339.3900146484375,91473000
2020-10-27,338.2200012207031,65994100
2020-10-28,326.6600036621094,127094300
2020-10-29,329.9800109863281,90597700
2020-10-30,326.5400085449219,120287300
2020-11-02,330.20001220703125,86068300
2020-11-03,336.0299987792969,93294200
2020-11-04,343.5400085449219,126959700
2020-11-05,350.239990234375,82039700
2020-11-06,350.1600036621094,74973000
2020-11-09,354.55999755859375,172304200
2020-11-10,354.0400085449219,85552000
2020-11-11,356.6700134277344,58649000
2020-11-12,353.2099914550781,67546200
2020-11-13,358.1000061035156,62892200
2020-11-16,362.57000732421875,74541100
2020-11-17,360.6199951171875,66111000
2020-11-18,356.2799987792969,70591300
2020-11-19,357.7799987792969,59940900
2020-11-20,355.3299865722656,70417300
2020-11-23,357.4599914550781,63230600
2020-11-24,363.2200012207031,62415900
2020-11-25,362.6600036621094,45330900
2020-11-27,363.6700134277344,28514100
2020-11-30,362.05999755859375,83872700
2020-12-01,366.0199890136719,74231400
2020-12-02,366.7900085449219,45927000
2020-12-03,366.69000244140625,62882000
2020-12-04,369.8500061035156,50749900
2020-12-07,369.0899963378906,48944300
2020-12-08,370.1700134277344,42458900
2020-12-09,366.8500061035156,74098300
2020-12-10,366.7300109863281,57735400
2020-12-11,366.29998779296875,57698600
2020-12-14,364.6600036621094,69216200
2020-12-15,369.5899963378906,63865300
2020-12-16,370.1700134277344,58420500
2020-12-17,372.239990234375,64119500
2020-12-18,369.17999267578125,136542300
2020-12-21,367.8599853515625,96386700
2020-12-22,367.239990234375,47949000
2020-12-23,367.57000732421875,46201400
2020-12-24,369.0,26457900
2020-12-28,372.1700134277344,39000400
2020-12-29,371.4599914550781,53680500
2020-12-30,371.989990234375,49455300
2020-12-31,373.8800048828125,78520700
2021-01-04,368.7900085449219,110210800
2021-01-05,371.3299865722656,66426200
2021-01-06,373.54998779296875,107997700
2021-01-07,379.1000061035156,68766800
2021-01-08,381.260009765625,71677200
2021-01-11,378.69000244140625,51034700
2021-01-12,378.7699890136719,52547700
2021-01-13,379.7900085449219,45303600
2021-01-14,378.4599914550781,49989100
2021-01-15,375.70001220703125,107160000
2021-01-19,378.6499938964844,51233300
2021-01-20,383.8900146484375,61836100
2021-01-21,384.239990234375,47840100
2021-01-22,382.8800048828125,52860500
2021-01-25,384.3900146484375,70402000
2021-01-26,383.7900085449219,42665300
2021-01-27,374.4100036621094,123351100
2021-01-28,377.6300048828125,94198100
2021-01-29,370.07000732421875,126765100
2021-02-01,376.2300109863281,75817600
2021-02-02,381.54998779296875,64450700
2021-02-03,381.8500061035156,52427100
2021-02-04,386.19000244140625,47142600
2021-02-05,387.7099914550781,48669800
2021-02-08,390.510009765625,38365200
2021-02-09,390.25,35551100
2021-02-10,390.0799865722656,59154400
2021-02-11,390.7099914550781,42913300
2021-02-12,392.6400146484375,50593300
2021-02-16,392.29998779296875,50972400
2021-02-17,392.3900146484375,52290600
2021-02-18,390.7200012207031,59712800
2021-02-19,390.0299987792969,83241000
2021-02-22,387.0299987792969,67414200
2021-02-23,387.5,107284100
2021-02-24,391.7699890136719,72433900
2021-02-25,382.3299865722656,146670500
2021-02-26,380.3599853515625,152701600
2021-03-01,389.5799865722656,105348800
2021-03-02,386.5400085449219,79595300
2021-03-03,381.4200134277344,119940200
2021-03-04,376.70001220703125,183433000
2021-03-05,383.6300048828125,152039600
2021-03-08,381.7200012207031,123149200
2021-03-09,387.1700134277344,113633600
2021-03-10,389.5799865722656,109899400
2021-03-11,393.5299987792969,86245000
2021-03-12,394.05999755859375,64653600
2021-03-15,396.4100036621094,73427200
2021-03-16,395.9100036621094,73722500
2021-03-17,397.260009765625,97959300
2021-03-18,391.4800109863281,115349100
2021-03-19,389.4800109863281,113624500
2021-03-22,392.5899963378906,73778600
2021-03-23,389.5,90686600
2021-03-24,387.5199890136719,97588600
2021-03-25,389.70001220703125,116128600
2021-03-26,395.9800109863281,114409100
2021-03-29,395.7799987792969,108107600
2021-03-30,394.7300109863281,76262200
2021-03-31,396.3299865722656,112734200
2021-04-01,400.6099853515625,99682900
2021-04-05,406.3599853515625,91684800
2021-04-06,406.1199951171875,62021000
2021-04-07,406.5899963378906,55836300
2021-04-08,408.5199890136719,57863100
2021-04-09,411.489990234375,61104600
2021-04-12,411.6400146484375,56704900
2021-04-13,412.8599853515625,56551000
2021-04-14,411.45001220703125,61659900
2021-04-15,415.8699951171875,60229800
2021-04-16,417.260009765625,82037300
2021-04-19,415.2099914550781,78498500
2021-04-20,412.1700134277344,81851800
2021-04-21,416.07000732421875,66793000
2021-04-22,412.2699890136719,97582800
2021-04-23,416.739990234375,73209200
2021-04-26,417.6099853515625,52182400
2021-04-27,417.5199890136719,51303100
2021-04-28,417.3999938964844,51238900
2021-04-29,420.05999755859375,78544300
2021-04-30,417.29998779296875,85527000
2021-05-03,418.20001220703125,68128300
2021-05-04,415.6199951171875,101591200
2021-05-05,415.75,60162200
2021-05-06,419.07000732421875,74321400
2021-05-07,422.1199951171875,67733800
2021-05-10,417.94000244140625,81852400
2021-05-11,414.2099914550781,116888000
2021-05-12,405.4100036621094,134811000
2021-05-13,410.2799987792969,106394000
2021-05-14,416.5799865722656,82201600
2021-05-17,415.5199890136719,65129200
2021-05-18,411.94000244140625,59810200
2021-05-19,410.8599853515625,106467100
2021-05-20,415.2799987792969,78022200
2021-05-21,414.94000244140625,76578700
2021-05-24,419.1700134277344,51376700
2021-05-25,418.239990234375,57451400
2021-05-26,419.07000732421875,43088600
2021-05-27,419.2900085449219,56707700
2021-05-28,420.0400085449219,58520200
2021-06-01,419.6700134277344,54216600
2021-06-02,420.3299865722656,49097100
2021-06-03,418.7699890136719,58138800
2021-06-04,422.6000061035156,55938800
2021-06-07,422.19000244140625,51555000
2021-06-08,422.2799987792969,47134300
2021-06-09,421.6499938964844,48436300
2021-06-10,423.6099853515625,51020100
2021-06-11,424.30999755859375,45570800
2021-06-14,425.260009765625,42358500
2021-06-15,424.4800109863281,51508500
2021-06-16,422.1099853515625,80386100
2021-06-17,421.9700012207031,90949700
2021-06-18,414.9200134277344,118676300
2021-06-21,420.8599853515625,72822000
2021-06-22,423.1099853515625,57700300
2021-06-23,422.6000061035156,49445400
2021-06-24,425.1000061035156,45110300
2021-06-25,426.6099853515625,58129500
2021-06-28,427.4700012207031,53159600
2021-06-29,427.70001220703125,35970500
2021-06-30,428.05999755859375,64827900
2021-07-01,430.42999267578125,53441000
2021-07-02,433.7200012207031,57697700
2021-07-06,432.92999267578125,68710400
2021-07-07,434.4599914550781,63549500
2021-07-08,430.9200134277344,97595200
2021-07-09,435.5199890136719,76238600
2021-07-12,437.0799865722656,52889600
2021-07-13,435.5899963378906,52911300
2021-07-14,436.239990234375,64130400
2021-07-15,434.75,55126400
2021-07-16,431.3399963378906,75874700
2021-07-19,424.9700012207031,147987000
2021-07-20,431.05999755859375,99608200
2021-07-21,434.54998779296875,64724400
2021-07-22,435.4599914550781,47878500
2021-07-23,439.94000244140625,63766600
2021-07-26,441.0199890136719,43719200
2021-07-27,439.010009765625,67397100
2021-07-28,438.8299865722656,52472400
2021-07-29,440.6499938964844,47435300
2021-07-30,438.510009765625,68951200
2021-08-02,437.5899963378906,58783300
2021-08-03,441.1499938964844,58053900
2021-08-04,438.9800109863281,46732200
2021-08-05,441.760009765625,38969700
2021-08-06,442.489990234375,46930000
2021-08-09,442.1300048828125,41222600
2021-08-10,442.67999267578125,43339300
2021-08-11,443.7799987792969,44034300
2021-08-12,445.1099853515625,38909400
2021-08-13,445.9200134277344,39470300
2021-08-16,446.9700012207031,73740000
2021-08-17,444.0400085449219,92673900
2021-08-18,439.17999267578125,89351900
2021-08-19,439.8599853515625,92812200
2021-08-20,443.3599853515625,72008700
2021-08-23,447.260009765625,54973000
2021-08-24,447.9700012207031,38744700
2021-08-25,448.9100036621094,40529700
2021-08-26,446.260009765625,57829600
2021-08-27,450.25,77235100
2021-08-30,452.2300109863281,48357400
2021-08-31,451.55999755859375,59300200
2021-09-01,451.79998779296875,48721400
2021-09-02,453.19000244140625,42501000
2021-09-03,453.0799865722656,47170500
2021-09-07,451.4599914550781,51671500
2021-09-08,450.9100036621094,56181900
2021-09-09,448.9800109863281,57970400
2021-09-10,445.44000244140625,89948200
2021-09-13,446.5799865722656,83738600
2021-09-14,444.1700134277344,78197100
2021-09-15,447.8800048828125,78792200
2021-09-16,447.1700134277344,77786700
2021-09-17,441.3999938964844,118425000
2021-09-20,434.0400085449219,166445500
2021-09-21,433.6300048828125,92526100
2021-09-22,437.8599853515625,102350100
2021-09-23,443.17999267578125,76396000
2021-09-24,443.9100036621094,62094800
2021-09-27,442.6400146484375,61371100
2021-09-28,433.7200012207031,130436300
2021-09-29,434.45001220703125,82329200
2021-09-30,429.1400146484375,140506000
2021-10-01,434.239990234375,129240100
2021-10-04,428.6400146484375,128570000
2021-10-05,433.1000061035156,90682500
2021-10-06,434.8999938964844,113032200
2021-10-07,438.6600036621094,72437500
2021-10-08,437.8599853515625,74557400
2021-10-11,434.69000244140625,65233300
2021-10-12,433.6199951171875,71181200
2021-10-13,435.17999267578125,72974000
2021-10-14,442.5,70236800
2021-10-15,445.8699951171875,66260200
2021-10-18,447.19000244140625,62213200
2021-10-19,450.6400146484375,46996800
2021-10-20,452.4100036621094,49571600
2021-10-21,453.5899963378906,41305400
2021-10-22,453.1199951171875,58845100
2021-10-25,455.54998779296875,45214500
2021-10-26,455.9599914550781,56075100
2021-10-27,453.94000244140625,72438000
2021-10-28,458.32000732421875,51437900
2021-10-29,459.25,70162400
2021-11-01,460.0400085449219,48433600
2021-11-02,461.8999938964844,48908400
2021-11-03,464.7200012207031,52509800
2021-11-04,466.9100036621094,52847100
2021-11-05,468.5299987792969,66390600
2021-11-08,468.92999267578125,50405200
2021-11-09,467.3800048828125,51149100
2021-11-10,463.6199951171875,69429700
2021-11-11,463.7699890136719,34848500
2021-11-12,467.2699890136719,53466700
2021-11-15,467.42999267578125,46980500
2021-11-16,469.2799987792969,48857500
2021-11-17,468.1400146484375,47858300
2021-11-18,469.7300109863281,50625600
2021-11-19,468.8900146484375,57315600
2021-11-22,467.57000732421875,72762000
2021-11-23,468.19000244140625,73206500
2021-11-24,469.44000244140625,61858800
2021-11-26,458.9700012207031,112669600
2021-11-29,464.6000061035156,86268800
2021-11-30,455.55999755859375,148559600
2021-12-01,450.5,131939200
2021-12-02,457.3999938964844,127637800
2021-12-03,453.4200134277344,137331600
2021-12-06,458.7900085449219,98977500
2021-12-07,468.2799987792969,95484700
2021-12-08,469.5199890136719,72238800
2021-12-09,466.3500061035156,61272600
2021-12-10,470.739990234375,77159800
2021-12-13,466.57000732421875,87724700
2021-12-14,463.3599853515625,97264100
2021-12-15,470.6000061035156,116899300
2021-12-16,466.45001220703125,116568600
2021-12-17,459.8699951171875,135511600
2021-12-20,454.9800109863281,107134800
2021-12-21,463.05999755859375,69806300
2021-12-22,467.69000244140625,58890200
2021-12-23,470.6000061035156,56439700
2021-12-27,477.260009765625,56808600
2021-12-28,476.8699951171875,47274600
2021-12-29,477.4800109863281,54503000
2021-12-30,476.1600036621094,55329000
2021-12-31,474.9599914550781,65237400
2022-01-03,477.7099914550781,72668200
2022-01-04,477.54998779296875,71178700
2022-01-05,468.3800048828125,104538900
2022-01-06,467.94000244140625,86858900
2022-01-07,466.0899963378906,85111600
2022-01-10,465.510009765625,119362000
2022-01-11,469.75,74303100
2022-01-12,471.0199890136719,67605400
2022-01-13,464.5299987792969,91173100
2022-01-14,464.7200012207031,95890900
2022-01-18,456.489990234375,109709100
2022-01-19,451.75,109357600
2022-01-20,446.75,122379700
2022-01-21,437.9800109863281,202271200
2022-01-24,439.8399963378906,251783900
2022-01-25,434.4700012207031,167997300
2022-01-26,433.3800048828125,186391100
2022-01-27,431.239990234375,149878300
2022-01-28,441.95001220703125,164457400
2022-01-31,449.9100036621094,152251400
2022-02-01,452.95001220703125,123155400
2022-02-02,457.3500061035156,117361000
2022-02-03,446.6000061035156,118024400
2022-02-04,448.70001220703125,118454400
2022-02-07,447.260009765625,84472900
2022-02-08,450.94000244140625,81012000
2022-02-09,457.5400085449219,92589900
2022-02-10,449.32000732421875,140103700
2022-02-11,440.4599914550781,153214600
2022-02-14,439.0199890136719,123006300
2022-02-15,446.1000061035156,88482700
2022-02-16,446.6000061035156,84863600
2022-02-17,437.05999755859375,102259100
2022-02-18,434.2300109863281,132642900
2022-02-22,429.57000732421875,124391800
2022-02-23,421.95001220703125,132578000
2022-02-24,428.29998779296875,213942900
2022-02-25,437.75,121804500
2022-02-28,436.6300048828125,145615000
2022-03-01,429.9800109863281,137785900
2022-03-02,437.8900146484375,117726500
2022-03-03,435.7099914550781,105501700
2022-03-04,432.1700134277344,113978200
2022-03-07,419.42999267578125,137896600
2022-03-08,416.25,164772700
2022-03-09,427.4100036621094,116990800
2022-03-10,425.4800109863281,93972700
2022-03-11,420.07000732421875,95636300
2022-03-14,417.0,95729200
2022-03-15,426.1700134277344,106219100
2022-03-16,435.6199951171875,144954800
2022-03-17,441.07000732421875,102676900
2022-03-18,444.5199890136719,106345500
2022-03-21,444.3900146484375,88349800
2022-03-22,449.5899963378906,74650400
2022-03-23,443.79998779296875,79426100
2022-03-24,450.489990234375,64736900
2022-03-25,452.69000244140625,77101300
2022-03-28,455.9100036621094,68529800
2022-03-29,461.54998779296875,86581500
2022-03-30,458.70001220703125,79666900
2022-03-31,451.6400146484375,121699900
2022-04-01,452.9200134277344,89048800
2022-04-04,456.79998779296875,59601000
2022-04-05,451.0299987792969,74214500
2022-04-06,446.5199890136719,106898000
2022-04-07,448.7699890136719,78097200
2022-04-08,447.57000732421875,79272700
2022-04-11,439.9200134277344,89770500
2022-04-12,438.2900085449219,84363600
2022-04-13,443.30999755859375,74070400
2022-04-14,437.7900085449219,97869500
2022-04-18,437.9700012207031,66002500
2022-04-19,445.0400085449219,77821000
2022-04-20,444.7099914550781,65224400
2022-04-21,438.05999755859375,85417300
2022-04-22,426.0400085449219,132471800
2022-04-25,428.510009765625,119647700
2022-04-26,416.1000061035156,103996300
2022-04-27,417.2699890136719,122030000
2022-04-28,427.80999755859375,105449100
2022-04-29,412.0,145491100
2022-05-02,414.4800109863281,158312500
2022-05-03,416.3800048828125,100028200
2022-05-04,429.05999755859375,144247900
2022-05-05,413.80999755859375,172929100
2022-05-06,411.3399963378906,151770800
2022-05-09,398.1700134277344,155586100
2022-05-10,399.0899963378906,132497200
2022-05-11,392.75,142361000
2022-05-12,392.3399963378906,125090800
2022-05-13,401.7200012207031,104174400
2022-05-16,400.0899963378906,78622400
2022-05-17,408.32000732421875,83029700
2022-05-18,391.8599853515625,117674500
2022-05-19,389.4599914550781,98510700
2022-05-20,389.6300048828125,131432200
2022-05-23,396.9200134277344,76414900
2022-05-24,393.8900146484375,91448800
2022-05-25,397.3699951171875,91472900
2022-05-26,405.30999755859375,82168300
2022-05-27,415.260009765625,84768700
2022-05-31,412.92999267578125,95937000
2022-06-01,409.5899963378906,86585800
2022-06-02,417.3900146484375,79609600
2022-06-03,410.5400085449219,71874300
2022-06-06,411.7900085449219,57508900
2022-06-07,415.739990234375,59272400
2022-06-08,411.2200012207031,64350000
2022-06-09,401.44000244140625,86289800
2022-06-10,389.79998779296875,132893900
2022-06-13,375.0,170004900
2022-06-14,373.8699951171875,104011800
2022-06-15,379.20001220703125,125666800
2022-06-16,366.6499938964844,134473300
2022-06-17,365.8599853515625,111113900
2022-06-21,375.07000732421875,76811900
2022-06-22,374.3900146484375,90059400
2022-06-23,378.05999755859375,79292100
2022-06-24,390.0799865722656,98050300
2022-06-27,388.5899963378906,66009600
2022-06-28,380.6499938964844,86548900
2022-06-29,380.3399963378906,65676000
2022-06-30,377.25,112508300
2022-07-01,381.239990234375,74839700
2022-07-05,381.9599914550781,81438000
2022-07-06,383.25,70426200
2022-07-07,388.989990234375,64525900
2022-07-08,388.6700134277344,72397800
2022-07-11,384.2300109863281,58366900
2022-07-12,380.8299865722656,62219200
2022-07-13,378.8299865722656,84224600
2022-07-14,377.9100036621094,89704800
2022-07-15,385.1300048828125,79060400
2022-07-18,381.95001220703125,63203600
2022-07-19,392.2699890136719,78506000
2022-07-20,394.7699890136719,71843800
2022-07-21,398.7900085449219,64903900
2022-07-22,395.0899963378906,72197300
2022-07-25,395.57000732421875,53631500
2022-07-26,390.8900146484375,52946400
2022-07-27,401.0400085449219,82342100
2022-07-28,406.07000732421875,73966600
2022-07-29,411.989990234375,87003700
2022-08-01,410.7699890136719,69997500
2022-08-02,408.05999755859375,63435400
2022-08-03,414.45001220703125,67820600
2022-08-04,414.1700134277344,45656600
2022-08-05,413.4700012207031,56814900
2022-08-08,412.989990234375,53886100
2022-08-09,411.3500061035156,44931800
2022-08-10,419.989990234375,68665700
2022-08-11,419.989990234375,59489700
2022-08-12,427.1000061035156,61694500
2022-08-15,428.8599853515625,54048300
2022-08-16,429.70001220703125,59289000
2022-08-17,426.6499938964844,63563400
2022-08-18,427.8900146484375,49023200
2022-08-19,422.1400146484375,68016900
2022-08-22,413.3500061035156,77695600
2022-08-23,412.3500061035156,49105200
2022-08-24,413.6700134277344,49177800
2022-08-25,419.510009765625,50942300
2022-08-26,405.30999755859375,103087000
2022-08-29,402.6300048828125,65370800
2022-08-30,398.2099914550781,85652400
2022-08-31,395.17999267578125,76029700
2022-09-01,396.4200134277344,78740100
2022-09-02,392.239990234375,99632100
2022-09-06,390.760009765625,76637400
2022-09-07,397.7799987792969,70964200
2022-09-08,400.3800048828125,80821700
2022-09-09,406.6000061035156,76706900
2022-09-12,410.9700012207031,69256300
2022-09-13,393.1000061035156,122947100
2022-09-14,394.6000061035156,85023700
2022-09-15,390.1199951171875,87633800
2022-09-16,385.55999755859375,103084800
2022-09-19,388.54998779296875,73278500
2022-09-20,384.0899963378906,77274900
2022-09-21,377.3900146484375,106746600
2022-09-22,374.2200012207031,89472600
2022-09-23,367.95001220703125,122346900
2022-09-26,364.30999755859375,92581200
2022-09-27,363.3800048828125,108294100
2022-09-28,370.5299987792969,110802200
2022-09-29,362.7900085449219,112952300
2022-09-30,357.17999267578125,153711200
2022-10-03,366.6099853515625,89756500
2022-10-04,377.9700012207031,103602800
2022-10-05,377.0899963378906,88065700
2022-10-06,373.20001220703125,82333500
2022-10-07,362.7900085449219,107789500
2022-10-10,360.0199890136719,76042800
2022-10-11,357.739990234375,92482800
2022-10-12,356.55999755859375,76991800
2022-10-13,365.9700012207031,147254500
2022-10-14,357.6300048828125,123737000
2022-10-17,366.82000732421875,93168200
2022-10-18,371.1300048828125,97162900
2022-10-19,368.5,79746900
2022-10-20,365.4100036621094,88283100
2022-10-21,374.2900085449219,131038400
2022-10-24,378.8699951171875,85436900
2022-10-25,384.9200134277344,78846300
2022-10-26,382.0199890136719,104087300
2022-10-27,379.9800109863281,81971800
2022-10-28,389.0199890136719,100302000
2022-10-31,386.2099914550781,96631300
2022-11-01,384.5199890136719,85407600
2022-11-02,374.8699951171875,126990400
2022-11-03,371.010009765625,87100100
2022-11-04,376.3500061035156,103505200
2022-11-07,379.95001220703125,68286900
2022-11-08,382.0,84641100
2022-11-09,374.1300048828125,78495500
2022-11-10,394.69000244140625,141455800
2022-11-11,398.510009765625,93839900
2022-11-14,395.1199951171875,71903500
2022-11-15,398.489990234375,93194500
2022-11-16,395.45001220703125,68508500
2022-11-17,394.239990234375,74496300
2022-11-18,396.0299987792969,92922500
2022-11-21,394.5899963378906,51243200
2022-11-22,399.8999938964844,60429000
2022-11-23,402.4200134277344,68261600
2022-11-25,402.3299865722656,30545400
2022-11-28,395.9100036621094,67881600
2022-11-29,395.2300109863281,52310000
2022-11-30,407.67999267578125,144566700
2022-12-01,407.3800048828125,76398200
2022-12-02,406.9100036621094,85342700
2022-12-05,399.5899963378906,77289800
2022-12-06,393.8299865722656,77972200
2022-12-07,393.1600036621094,65927900
2022-12-08,396.239990234375,60737900
2022-12-09,393.2799987792969,81447700
2022-12-12,398.95001220703125,75405800
2022-12-13,401.9700012207031,123782500
2022-12-14,399.3999938964844,108111300
2022-12-15,389.6300048828125,117705900
2022-12-16,383.2699890136719,119858000
2022-12-19,380.0199890136719,79878100
2022-12-20,380.5400085449219,74427200
2022-12-21,386.2300109863281,78167400
2022-12-22,380.7200012207031,100120900
2022-12-23,382.9100036621094,59857300
2022-12-27,381.3999938964844,51638200
2022-12-28,376.6600036621094,70911500
2022-12-29,383.44000244140625,66970900
2022-12-30,382.42999267578125,84022200
2023-01-03,380.82000732421875,74850700
2023-01-04,383.760009765625,85934100
2023-01-05,379.3800048828125,76970500
2023-01-06,388.0799865722656,104189600
2023-01-09,387.8599853515625,73978100
2023-01-10,390.5799865722656,65358100
2023-01-11,395.5199890136719,68881100
2023-01-12,396.9599914550781,90157700
2023-01-13,398.5,63903900
2023-01-17,397.7699890136719,62677300
2023-01-18,391.489990234375,99632300
2023-01-19,388.6400146484375,86958900
2023-01-20,395.8800048828125,91806400
2023-01-23,400.6300048828125,84178800
2023-01-24,400.20001220703125,59524900
2023-01-25,400.3500061035156,84800300
2023-01-26,404.75,72287400
2023-01-27,405.67999267578125,68346200
2023-01-30,400.5899963378906,74202000
2023-01-31,406.4800109863281,86811800
2023-02-01,410.79998779296875,101459200
2023-02-02,416.7799987792969,101654500
2023-02-03,412.3500061035156,94736800
2023-02-06,409.8299865722656,60295300
2023-02-07,415.19000244140625,90990700
2023-02-08,410.6499938964844,76227500
2023-02-09,407.0899963378906,78694900
2023-02-10,408.0400085449219,70769700
2023-02-13,412.8299865722656,64913500
2023-02-14,412.6400146484375,88389300
2023-02-15,413.9800109863281,61555700
2023-02-16,408.2799987792969,76431500
2023-02-17,407.260009765625,89257800
2023-02-21,399.0899963378906,82655900
2023-02-22,398.5400085449219,83742300
2023-02-23,400.6600036621094,96242400
2023-02-24,396.3800048828125,108194400
2023-02-27,397.7300109863281,80444700
2023-02-28,396.260009765625,96438600
2023-03-01,394.739990234375,99706800
2023-03-02,397.80999755859375,85127800
2023-03-03,404.19000244140625,90120000
2023-03-06,404.4700012207031,72795900
2023-03-07,398.2699890136719,108310600
2023-03-08,398.9200134277344,74746600
2023-03-09,391.55999755859375,111945300
2023-03-10,385.9100036621094,189253000
2023-03-13,385.3599853515625,157790000
2023-03-14,391.7300109863281,149752400
2023-03-15,389.2799987792969,172996900
2023-03-16,396.1099853515625,143254200
2023-03-17,389.989990234375,140553400
2023-03-20,393.739990234375,93055800
2023-03-21,398.9100036621094,91524200
2023-03-22,392.1099853515625,111746600
2023-03-23,393.1700134277344,119351300
2023-03-24,395.75,107682400
2023-03-27,396.489990234375,74010400
2023-03-28,395.6000061035156,62871700
2023-03-29,401.3500061035156,77497900
2023-03-30,403.70001220703125,69840000
2023-03-31,409.3900146484375,112062600
2023-04-03,410.95001220703125,67391100
2023-04-04,408.6700134277344,66601500
2023-04-05,407.6000061035156,65200200
2023-04-06,409.19000244140625,63743300
2023-04-10,409.6099853515625,63681000
2023-04-11,409.7200012207031,59297900
2023-04-12,408.04998779296875,86420400
2023-04-13,413.4700012207031,85814800
2023-04-14,412.4599914550781,78161500
2023-04-17,413.94000244140625,66436400
2023-04-18,414.2099914550781,63560000
2023-04-19,414.1400146484375,55227300
2023-04-20,411.8800048828125,75840400
2023-04-21,412.20001220703125,73457400
2023-04-24,412.6300048828125,64332100
2023-04-25,406.0799865722656,97766700
2023-04-26,404.3599853515625,80447000
2023-04-27,412.4100036621094,92968400
2023-04-28,415.92999267578125,89433100
2023-05-01,415.510009765625,62122300
2023-05-02,410.8399963378906,103998500
2023-05-03,408.0199890136719,91531800
2023-05-04,405.1300048828125,94901900
2023-05-05,412.6300048828125,87891800
2023-05-08,412.739990234375,50046800
2023-05-09,410.92999267578125,49220100
2023-05-10,412.8500061035156,96142900
2023-05-11,412.1300048828125,70157100
2023-05-12,411.5899963378906,70481500
2023-05-15,413.010009765625,54289400
2023-05-16,410.25,57705500
2023-05-17,415.2300109863281,87287000
2023-05-18,419.2300109863281,97177200
2023-05-19,418.6199951171875,103793300
2023-05-22,418.7900085449219,60745400
2023-05-23,414.0899963378906,86383500
2023-05-24,411.0899963378906,89213700
2023-05-25,414.6499938964844,90961600
2023-05-26,420.0199890136719,93830000
2023-05-30,420.17999267578125,72216000
2023-05-31,417.8500061035156,110811800
2023-06-01,421.82000732421875,88865000
2023-06-02,427.9200134277344,91426200
2023-06-05,427.1000061035156,65460200
2023-06-06,428.0299987792969,64022200
2023-06-07,426.54998779296875,85373300
2023-06-08,429.1300048828125,61952800
2023-06-09,429.8999938964844,85742800
2023-06-12,433.79998779296875,76104300
2023-06-13,436.6600036621094,95899700
2023-06-14,437.17999267578125,100612100
2023-06-15,442.6000061035156,110303100
2023-06-16,439.4599914550781,114165800
2023-06-20,437.17999267578125,76160400
2023-06-21,434.94000244140625,76982300
2023-06-22,436.510009765625,70637200
2023-06-23,433.2099914550781,92074500
2023-06-26,431.44000244140625,72823600
2023-06-27,436.1700134277344,72813700
2023-06-28,436.3900146484375,75636000
2023-06-29,438.1099853515625,67882300
2023-06-30,443.2799987792969,104964000
2023-07-03,443.7900085449219,32793400
2023-07-05,443.1300048828125,58418400
2023-07-06,439.6600036621094,80658300
2023-07-07,438.54998779296875,86134200
2023-07-10,439.6600036621094,62443500
2023-07-11,442.4599914550781,64463800
2023-07-12,446.0199890136719,91924500
2023-07-13,449.55999755859375,72425200
2023-07-14,449.2799987792969,69815800
2023-07-17,450.8399963378906,52680200
2023-07-18,454.19000244140625,80668200
2023-07-19,455.20001220703125,65891700
2023-07-20,452.17999267578125,70591600
2023-07-21,452.17999267578125,71275600
2023-07-24,454.20001220703125,54023400
2023-07-25,455.44000244140625,55191200
2023-07-26,455.510009765625,71052900
2023-07-27,452.489990234375,92194400
2023-07-28,456.9200134277344,80011800
2023-07-31,457.7900085449219,62040400
2023-08-01,456.4800109863281,55291500
2023-08-02,450.1300048828125,93933400
2023-08-03,448.8399963378906,64276100
2023-08-04,446.80999755859375,100128900
2023-08-07,450.7099914550781,58357500
2023-08-08,448.75,71361300
2023-08-09,445.75,78789600
2023-08-10,445.9100036621094,93005500
2023-08-11,445.6499938964844,68690900
2023-08-14,448.1099853515625,47867400
2023-08-15,442.8900146484375,75707500
2023-08-16,439.6400146484375,80107200
2023-08-17,436.2900085449219,95711300
2023-08-18,436.5,98852000
2023-08-21,439.3399963378906,68719000
2023-08-22,438.1499938964844,64994200
2023-08-23,443.0299987792969,68441000
2023-08-24,436.8900146484375,88517300
2023-08-25,439.9700012207031,102325100
2023-08-28,442.760009765625,61595400
2023-08-29,449.1600036621094,83081900
2023-08-30,451.010009765625,69053900
2023-08-31,450.3500061035156,66084600
2023-09-01,451.19000244140625,58944100
2023-09-05,449.239990234375,55166200
2023-09-06,446.2200012207031,70758500
2023-09-07,444.8500061035156,70355400
2023-09-08,445.5199890136719,61659700
2023-09-11,448.45001220703125,60180100
2023-09-12,445.989990234375,67565400
2023-09-13,446.510009765625,60199300
2023-09-14,450.3599853515625,83430800
2023-09-15,443.3699951171875,111848900
2023-09-18,443.6300048828125,55752200
2023-09-19,442.7099914550781,66514600
2023-09-20,438.6400146484375,82562600
2023-09-21,431.3900146484375,104095800
2023-09-22,430.4200134277344,100829700
2023-09-25,432.2300109863281,70874500
2023-09-26,425.8800048828125,96168400
2023-09-27,426.04998779296875,104705800
2023-09-28,428.5199890136719,92258300
2023-09-29,427.4800109863281,115111300
2023-10-02,427.30999755859375,83798600
2023-10-03,421.5899963378906,103760600
2023-10-04,424.6600036621094,87453000
2023-10-05,424.5,70142700
2023-10-06,429.5400085449219,113273300
2023-10-09,432.2900085449219,80374400
2023-10-10,434.5400085449219,78607300
2023-10-11,436.32000732421875,62451700
2023-10-12,433.6600036621094,81154200
2023-10-13,431.5,95143100
2023-10-16,436.0400085449219,75433200
2023-10-17,436.0199890136719,75324700
2023-10-18,430.2099914550781,93559800
2023-10-19,426.42999267578125,121323000
2023-10-20,421.19000244140625,123919900
2023-10-23,420.4599914550781,92035100
2023-10-24,423.6300048828125,78564200
2023-10-25,417.54998779296875,94223200
2023-10-26,412.54998779296875,115156800
2023-10-27,410.67999267578125,107367700
2023-10-30,415.5899963378906,86562700
2023-10-31,418.20001220703125,79665200
2023-11-01,422.6600036621094,98068100
2023-11-02,430.760009765625,94938900
2023-11-03,434.69000244140625,100167800
2023-11-06,435.69000244140625,67831700
2023-11-07,436.92999267578125,64256100
2023-11-08,437.25,61746000
2023-11-09,433.8399963378906,83174400
2023-11-10,440.6099853515625,89462200
2023-11-13,440.19000244140625,52236100
2023-11-14,448.7300109863281,97176900
2023-11-15,449.67999267578125,77327600
2023-11-16,450.2300109863281,66665800
2023-11-17,450.7900085449219,83133200
2023-11-20,454.260009765625,69936200
2023-11-21,453.2699890136719,49244600
2023-11-22,455.0199890136719,59394900
2023-11-24,455.29998779296875,29737400
2023-11-27,454.4800109863281,50506000
2023-11-28,454.92999267578125,62115000
2023-11-29,454.6099853515625,63146000
2023-11-30,456.3999938964844,79752700
2023-12-01,459.1000061035156,89183400
2023-12-04,456.69000244140625,72430900
2023-12-05,456.6000061035156,69793500
2023-12-06,454.760009765625,69124700
2023-12-07,458.2300109863281,66995400
2023-12-08,460.20001220703125,83194400
2023-12-11,461.989990234375,65002200
2023-12-12,464.1000061035156,68327600
2023-12-13,470.5,93278000
2023-12-14,472.010009765625,119026000
2023-12-15,469.3299865722656,141553700
2023-12-18,471.9700012207031,70375300
2023-12-19,474.8399963378906,55761800
2023-12-20,468.260009765625,102921000
2023-12-21,472.70001220703125,86667500
2023-12-22,473.6499938964844,67160400
2023-12-26,475.6499938964844,55387000
2023-12-27,476.510009765625,68000300
2023-12-28,476.69000244140625,77158100
2023-12-29,475.30999755859375,122283100
2024-01-02,472.6499938964844,123623700
2024-01-03,468.7900085449219,103585900
2024-01-04,467.2799987792969,84232200
2024-01-05,467.9200134277344,86118900
2024-01-08,474.6000061035156,74879100
2024-01-09,473.8800048828125,65931400
2024-01-10,476.55999755859375,67310600
2024-01-11,476.3500061035156,77940700
2024-01-12,476.67999267578125,58026400
2024-01-16,474.92999267578125,85014900
2024-01-17,472.2900085449219,68843900
2024-01-18,476.489990234375,91856200
2024-01-19,482.42999267578125,110834500
2024-01-22,483.45001220703125,75844900
2024-01-23,484.8599853515625,49945300
2024-01-24,485.3900146484375,81765000
2024-01-25,488.0299987792969,72525000
2024-01-26,487.4100036621094,76641600
2024-01-29,491.2699890136719,61322800
2024-01-30,490.8900146484375,58618400
2024-01-31,482.8800048828125,126011100
2024-02-01,489.20001220703125,91891600
2024-02-02,494.3500061035156,99228200
2024-02-05,492.54998779296875,75757100
2024-02-06,493.9800109863281,55918600
2024-02-07,498.1000061035156,70556500
2024-02-08,498.32000732421875,52343600
2024-02-09,501.20001220703125,63979400
2024-02-12,500.9800109863281,56502300
2024-02-13,494.0799865722656,113099200
2024-02-14,498.57000732421875,68387800
2024-02-15,502.010009765625,61683000
2024-02-16,499.510009765625,75532900
2024-02-20,496.760009765625,71736700
2024-02-21,497.2099914550781,59293400
2024-02-22,507.5,76402500
2024-02-23,507.8500061035156,61321800
2024-02-26,505.989990234375,50386700
2024-02-27,506.92999267578125,48854500
2024-02-28,506.260009765625,56506600
2024-02-29,508.0799865722656,83924800
2024-03-01,512.8499755859375,76844800
2024-03-04,512.2999877929688,49799300
2024-03-05,507.17999267578125,72855600
2024-03-06,509.75,68382400
2024-03-07,514.8099975585938,58652100
2024-03-08,511.7200012207031,86532500
2024-03-11,511.2799987792969,62557200
2024-03-12,516.780029296875,73114400
2024-03-13,515.969970703125,55104100
2024-03-14,514.9500122070312,110171800
2024-03-15,509.8299865722656,107646300
2024-03-18,512.8599853515625,88893300
2024-03-19,515.7100219726562,60755300
2024-03-20,520.47998046875,69594600
2024-03-21,522.2000122070312,60256100
2024-03-22,521.2100219726562,79070800
2024-03-25,519.77001953125,48512100
2024-03-26,518.8099975585938,65463700
2024-03-27,523.1699829101562,82999800
2024-03-28,523.0700073242188,96294900
2024-04-01,522.1599731445312,62477500
2024-04-02,518.8400268554688,74230300
2024-04-03,519.4099731445312,59155800
2024-04-04,513.0700073242188,96858100
2024-04-05,518.4299926757812,74546500
2024-04-08,518.719970703125,48401800
2024-04-09,519.3200073242188,68049200
2024-04-10,514.1199951171875,82652800
2024-04-11,518.0,70099000
2024-04-12,510.8500061035156,92561100
2024-04-15,504.45001220703125,92101400
2024-04-16,503.5299987792969,73484000
2024-04-17,500.54998779296875,75910300
2024-04-18,499.5199890136719,74548100
2024-04-19,495.1600036621094,102212600
2024-04-22,499.7200012207031,67961000
2024-04-23,505.6499938964844,64633600
2024-04-24,505.4100036621094,55928100
2024-04-25,503.489990234375,69122400
2024-04-26,508.260009765625,64306100
2024-04-29,510.05999755859375,46415400
2024-04-30,501.9800109863281,77483600
2024-05-01,500.3500061035156,80242800
2024-05-02,505.0299987792969,62550200
2024-05-03,511.2900085449219,72756700
2024-05-06,516.5700073242188,47264700
2024-05-07,517.1400146484375,52561300
2024-05-08,517.1900024414062,42047200
2024-05-09,520.1699829101562,43643700
2024-05-10,520.8400268554688,52233200
2024-05-13,520.9099731445312,36716400
2024-05-14,523.2999877929688,57535900
2024-05-15,529.780029296875,59504900
2024-05-16,528.6900024414062,50244800
2024-05-17,529.4500122070312,59187600
2024-05-20,530.0599975585938,37764200
2024-05-21,531.3599853515625,33437000
2024-05-22,529.8300170898438,48390000
2024-05-23,525.9600219726562,57211200
2024-05-24,529.4400024414062,41291100
2024-05-28,529.8099975585938,36269600
2024-05-29,526.0999755859375,45190300
2024-05-30,522.6099853515625,46377600
2024-05-31,527.3699951171875,90785800
2024-06-03,527.7999877929688,46835700
2024-06-04,528.3900146484375,34632700
2024-06-05,534.6699829101562,47610400
2024-06-06,534.6599731445312,30808500
2024-06-07,534.010009765625,43224500
2024-06-10,535.6599731445312,35686100
2024-06-11,536.9500122070312,36383400
2024-06-12,541.3599853515625,63251300
2024-06-13,542.4500122070312,44760900
2024-06-14,542.780029296875,40089900
2024-06-17,547.0999755859375,55839500
2024-06-18,548.489990234375,41376400
2024-06-20,547.0,70328200
2024-06-21,544.510009765625,64338600
2024-06-24,542.739990234375,45528700
2024-06-25,544.8300170898438,37936200
2024-06-26,545.510009765625,38550600
2024-06-27,546.3699951171875,35041500
2024-06-28,544.219970703125,76144500
2024-07-01,545.3400268554688,40297800
2024-07-02,549.010009765625,40434800
2024-07-03,551.4600219726562,32789900
2024-07-05,554.6400146484375,41488400
2024-07-08,555.280029296875,36110500
2024-07-09,555.8200073242188,27289700
2024-07-10,561.3200073242188,38701200
2024-07-11,556.47998046875,53054200
2024-07-12,559.989990234375,53084400
2024-07-15,561.530029296875,40584300
2024-07-16,564.8599853515625,36475300
2024-07-17,556.9400024414062,57119000
2024-07-18,552.6599731445312,56270400
2024-07-19,548.989990234375,65509100
2024-07-22,554.6500244140625,43346700
2024-07-23,553.780029296875,34439600
2024-07-24,541.22998046875,74515300
2024-07-25,538.4099731445312,61158300
2024-07-26,544.4400024414062,53763800
2024-07-29,544.760009765625,39515800
2024-07-30,542.0,46853600
2024-07-31,550.8099975585938,65663400
2024-08-01,543.010009765625,76428700
2024-08-02,532.9000244140625,82789100
2024-08-05,517.3800048828125,146267400
2024-08-06,522.1500244140625,84826300
2024-08-07,518.6599731445312,70698300
2024-08-08,530.6500244140625,63276600
2024-08-09,532.989990234375,45619600
2024-08-12,533.27001953125,42542100
2024-08-13,542.0399780273438,52333100
2024-08-14,543.75,42446900
2024-08-15,553.0700073242188,60846800
2024-08-16,554.3099975585938,44430700
2024-08-19,559.6099853515625,39121800
2024-08-20,558.7000122070312,33732300
2024-08-21,560.6199951171875,41514600
2024-08-22,556.219970703125,56121500
2024-08-23,562.1300048828125,50639400
2024-08-26,560.7899780273438,35788600
2024-08-27,561.5599975585938,32693900
2024-08-28,558.2999877929688,41066000
2024-08-29,558.3499755859375,38715200
2024-08-30,563.6799926757812,62700100
2024-09-03,552.0800170898438,60600100
2024-09-04,550.9500122070312,47224900
2024-09-05,549.6099853515625,44264300
2024-09-06,540.3599853515625,68493800
2024-09-09,546.4099731445312,40445800
2024-09-10,548.7899780273438,36394600
2024-09-11,554.4199829101562,75248600
2024-09-12,559.0900268554688,51819600
2024-09-13,562.010009765625,39310500
2024-09-16,562.8400268554688,36656100
2024-09-17,563.0700073242188,49321000
2024-09-18,561.4000244140625,59044900
2024-09-19,570.97998046875,75315500
2024-09-20,568.25,77503100
2024-09-23,569.6699829101562,44116900
2024-09-24,571.2999877929688,46805700
2024-09-25,570.0399780273438,38428600
2024-09-26,572.2999877929688,48336000
2024-09-27,571.469970703125,42100900
2024-09-30,573.760009765625,63557400
2024-10-01,568.6199951171875,72668800
2024-10-02,568.8599853515625,38097800
2024-10-03,567.8200073242188,40846500
2024-10-04,572.97998046875,42939100
2024-10-07,567.7999877929688,49964700
2024-10-08,573.1699829101562,37398700
2024-10-09,577.1400146484375,37912200
2024-10-10,576.1300048828125,44138100
2024-10-11,579.5800170898438,42268000
2024-10-14,584.3200073242188,36217200
2024-10-15,579.780029296875,54203600
2024-10-16,582.2999877929688,30725400
2024-10-17,582.3499755859375,34393700
2024-10-18,584.5900268554688,37416800
2024-10-21,583.6300048828125,36439000
2024-10-22,583.3200073242188,34183800
2024-10-23,577.989990234375,49314600
2024-10-24,579.239990234375,34979900
2024-10-25,579.0399780273438,47268200
2024-10-28,580.8300170898438,30174700
2024-10-29,581.77001953125,42899700
2024-10-30,580.010009765625,41435800
2024-10-31,568.6400146484375,60182500
2024-11-01,571.0399780273438,45667500
2024-11-04,569.8099975585938,38217000
2024-11-05,576.7000122070312,39478300
2024-11-06,591.0399780273438,68182000
2024-11-07,595.6099853515625,47233200
2024-11-08,598.1900024414062,46444900
2024-11-11,598.760009765625,37586800
2024-11-12,596.9000244140625,43006100
2024-11-13,597.1900024414062,47388600
2024-11-14,593.3499755859375,38904100
2024-11-15,585.75,75988800
2024-11-18,588.1500244140625,37001700
2024-11-19,590.2999877929688,49412000
2024-11-20,590.5,50032600
2024-11-21,593.6699829101562,46750300
2024-11-22,595.510009765625,38226400
2024-11-25,597.530029296875,42441400
2024-11-26,600.6500244140625,45621300
2024-11-27,598.8300170898438,34000200
2024-11-29,602.5499877929688,30177400
2024-12-02,603.6300048828125,31746000
2024-12-03,603.9099731445312,26906600
2024-12-04,607.6599731445312,42787600
2024-12-05,606.6599731445312,28762200
2024-12-06,607.8099975585938,31241500
2024-12-09,604.6799926757812,34742700
2024-12-10,602.7999877929688,37234500
2024-12-11,607.4600219726562,28677700
2024-12-12,604.3300170898438,31543800
2024-12-13,604.2100219726562,35904700
2024-12-16,606.7899780273438,43695200
2024-12-17,604.2899780273438,55773500
2024-12-18,586.280029296875,108248700
2024-12-19,586.0999755859375,85919500
2024-12-20,591.1500244140625,125716700
2024-12-23,594.6900024414062,57635800
2024-12-24,601.2999877929688,33160100
2024-12-26,601.3400268554688,41219100
2024-12-27,595.010009765625,64969300
2024-12-30,588.219970703125,56578800
2024-12-31,586.0800170898438,57052700
2025-01-02,584.6400146484375,50204000
2025-01-03,591.9500122070312,37888500
2025-01-06,595.3599853515625,47679400
2025-01-07,588.6300048828125,60393100
2025-01-08,589.489990234375,47304700
2025-01-10,580.489990234375,73105000
2025-01-13,581.3900146484375,47910100
2025-01-14,582.1900024414062,48420600
2025-01-15,592.780029296875,56900200
2025-01-16,591.6400146484375,43319700
2025-01-17,597.5800170898438,58070600
2025-01-21,603.0499877929688,42532900
2025-01-22,606.4400024414062,48196000
2025-01-23,609.75,41152100
2025-01-24,607.969970703125,34604700
2025-01-27,599.3699951171875,70361100
2025-01-28,604.52001953125,44433300
2025-01-29,601.8099975585938,37177400
2025-01-30,605.0399780273438,39281300
2025-01-31,601.8200073242188,66566900
2025-02-03,597.77001953125,65857200
2025-02-04,601.780029296875,33457800
2025-02-05,604.219970703125,30653100
2025-02-06,606.3200073242188,35771500
2025-02-07,600.77001953125,50788500
2025-02-10,604.8499755859375,26048700
2025-02-11,605.3099975585938,30056700
2025-02-12,603.3599853515625,45076100
2025-02-13,609.72998046875,40921300
2025-02-14,609.7000122070312,26910400
2025-02-18,611.489990234375,26749000
2025-02-19,612.9299926757812,31011100
2025-02-20,610.3800048828125,36554000
2025-02-21,599.9400024414062,76519800
2025-02-24,597.2100219726562,50737200
2025-02-25,594.239990234375,58266500
2025-02-26,594.5399780273438,43321600
2025-02-27,585.0499877929688,74196700
2025-02-28,594.1799926757812,88744100
2025-03-03,583.77001953125,74249200
2025-03-04,576.8599853515625,109648200
2025-03-05,583.0599975585938,71230500
2025-03-06,572.7100219726562,80094900
2025-03-07,575.9199829101562,81158800
2025-03-10,560.5800170898438,99326600
2025-03-11,555.9199829101562,88102100
2025-03-12,558.8699951171875,69588200
2025-03-13,551.4199829101562,74079400
2025-03-14,562.8099975585938,62660300
2025-03-17,567.1500244140625,49008700
2025-03-18,561.02001953125,66041400
2025-03-19,567.1300048828125,66556000
2025-03-20,565.489990234375,62958200
2025-03-21,563.97998046875,83763000
2025-03-24,574.0800170898438,58766800
2025-03-25,575.4600219726562,38355700
2025-03-26,568.5900268554688,51848300
2025-03-27,567.0800170898438,42164200
2025-03-28,555.6599731445312,71662700
2025-03-31,559.3900146484375,95328200
2025-04-01,560.969970703125,54609600
2025-04-02,564.52001953125,76014500
2025-04-03,536.7000122070312,125986000
2025-04-04,505.2799987792969,217965100
2025-04-07,504.3800048828125,256611400
2025-04-08,496.4800109863281,165816600
2025-04-09,548.6199951171875,241867300
2025-04-10,524.5800170898438,162331200
2025-04-11,533.9400024414062,97866300
2025-04-14,539.1199951171875,68034000
2025-04-15,537.6099853515625,56892900
2025-04-16,525.6599731445312,83484800
2025-04-17,526.4099731445312,79868100
2025-04-21,513.8800048828125,69368100
2025-04-22,527.25,75948100
2025-04-23,535.4199829101562,90590700
2025-04-24,546.6900024414062,64150400
2025-04-25,550.6400146484375,61119600
2025-04-28,550.8499755859375,47613800
2025-04-29,554.3200073242188,47775100
2025-04-30,554.5399780273438,93101500
2025-05-01,558.469970703125,63186100
2025-05-02,566.760009765625,60717300
2025-05-05,563.510009765625,38659200
2025-05-06,558.7999877929688,48264700
2025-05-07,561.1500244140625,55588000
2025-05-08,565.0599975585938,65130800
2025-05-09,564.3400268554688,37603400
2025-05-12,582.989990234375,78993600
2025-05-13,586.8400268554688,67947200
2025-05-14,587.5900268554688,66283500
2025-05-15,590.4600219726562,71268100
2025-05-16,594.2000122070312,76052100
2025-05-19,594.8499755859375,68168500
2025-05-20,592.8499755859375,60614500
2025-05-21,582.8599853515625,95197700
2025-05-22,583.0900268554688,70860400
2025-05-23,579.1099853515625,76029000
2025-05-27,591.1500244140625,72588500
2025-05-28,587.72998046875,68445500
2025-05-29,590.0499877929688,69973300
2025-05-30,589.3900146484375,90601200
2025-06-02,592.7100219726562,61630500
2025-06-03,596.0900268554688,63606200
2025-06-04,595.9299926757812,57314200
2025-06-05,593.0499877929688,92278700
2025-06-06,599.1400146484375,66588700
2025-06-09,599.6799926757812,53016400
2025-06-10,603.0800170898438,66247000
2025-06-11,601.3599853515625,73658200
2025-06-12,603.75,64129000
2025-06-13,597.0,89506000
2025-06-16,602.6799926757812,79984100
2025-06-17,597.530029296875,82209400
2025-06-18,597.4400024414062,76605000
2025-06-20,594.280029296875,94051400
2025-06-23,600.1500244140625,87426000
2025-06-24,606.780029296875,67735300
2025-06-25,607.1199951171875,62114800
2025-06-26,611.8699951171875,78548400
2025-06-27,614.9099731445312,86258400
2025-06-30,617.8499755859375,92502500
2025-07-01,617.6500244140625,70030100
2025-07-02,620.4500122070312,66510400
2025-07-03,625.3400268554688,51065800
2025-07-07,620.6799926757812,74814500
2025-07-08,620.3400268554688,59024600
2025-07-09,624.0599975585938,66113300
2025-07-10,625.8200073242188,57529000
2025-07-11,623.6199951171875,63670200
2025-07-14,624.8099975585938,51898500
2025-07-15,622.1400146484375,74317300
2025-07-16,624.219970703125,88987500
2025-07-17,628.0399780273438,68885700
2025-07-18,627.5800170898438,65621600
2025-07-21,628.77001953125,63375000
2025-07-22,628.8599853515625,60046300
2025-07-23,634.2100219726562,70511000
2025-07-24,634.4199829101562,71307100
2025-07-25,637.0999755859375,56865400
2025-07-28,636.9400024414062,54917100
2025-07-29,635.260009765625,60556300
2025-07-30,634.4600219726562,80418900
2025-07-31,632.0800170898438,103385200
2025-08-01,621.719970703125,140103600
2025-08-04,631.1699829101562,73218000
2025-08-05,627.969970703125,68051400
2025-08-06,632.780029296875,64357500
2025-08-07,632.25,74205800
2025-08-08,637.1799926757812,64051600
2025-08-11,635.9199829101562,58742300
2025-08-12,642.6900024414062,64730800
2025-08-13,644.8900146484375,60092800
2025-08-14,644.9500122070312,59327500
2025-08-15,643.4400024414062,68592500
2025-08-18,643.2999877929688,43804900
2025-08-19,639.8099975585938,69750700
2025-08-20,638.1099853515625,88890300
2025-08-21,635.5499877929688,54805800
2025-08-22,645.3099975585938,84083200
2025-08-25,642.469970703125,51274300
2025-08-26,645.1599731445312,51581600
2025-08-27,646.6300048828125,48341100
2025-08-28,648.9199829101562,61519500
2025-08-29,645.0499877929688,74522200
2025-09-02,640.27001953125,81983500
2025-09-03,643.739990234375,70820900
2025-09-04,649.1199951171875,65219200
2025-09-05,647.239990234375,85178900
2025-09-08,648.8300170898438,63133100
2025-09-09,650.3300170898438,66133900
2025-09-10,652.2100219726562,78034500
2025-09-11,657.6300048828125,69934400
2025-09-12,657.4099731445312,72780100
2025-09-15,660.9099731445312,63772400
2025-09-16,660.0,61169000
2025-09-17,659.1799926757812,101952200
2025-09-18,662.260009765625,90459200
2025-09-19,663.7000122070312,97945600
2025-09-22,666.8400268554688,69452200
2025-09-23,663.2100219726562,81708900
2025-09-24,661.0999755859375,68082200
2025-09-25,658.0499877929688,89622100
2025-09-26,661.8200073242188,69179200
2025-09-29,663.6799926757812,73499000
2025-09-30,666.1799926757812,86288000
2025-10-01,668.4500122070312,72545400
2025-10-02,669.219970703125,56896000
2025-10-03,669.2100219726562,70494400
2025-10-06,671.6099853515625,54623300
2025-10-07,669.1199951171875,72020100
2025-10-08,673.1099853515625,60702200
2025-10-09,671.1599731445312,66501900
2025-10-10,653.02001953125,159422600
2025-10-13,663.0399780273438,79560500
2025-10-14,662.22998046875,88779600
2025-10-15,665.1699829101562,81702600
2025-10-16,660.6400146484375,110563300
2025-10-17,664.3900146484375,96500900
2025-10-20,671.2999877929688,60493400
2025-10-21,671.2899780273438,56249000
2025-10-22,667.7999877929688,80564000
2025-10-23,671.760009765625,65604500
2025-10-24,677.25,74356500
2025-10-27,685.239990234375,63339800
2025-10-28,687.0599975585938,61738100
2025-10-29,687.3900146484375,85657100
2025-10-30,679.8300170898438,76335800
2025-10-31,682.0599975585938,87164100
2025-11-03,683.3400268554688,57315000
2025-11-04,675.239990234375,78427000
2025-11-05,677.5800170898438,74402400
2025-11-06,670.3099975585938,85035300
2025-11-07,670.969970703125,100592400
2025-11-10,681.4400024414062,75842900
2025-11-11,683.0,58953400
2025-11-12,683.3800048828125,62312500
2025-11-13,672.0399780273438,103457800
2025-11-14,671.9299926757812,96846700
2025-11-17,665.6699829101562,90456100
2025-11-18,660.0800170898438,114467500
2025-11-19,662.6300048828125,94703000
2025-11-20,652.530029296875,165293500
2025-11-21,659.030029296875,123956200
2025-11-24,668.72998046875,80437900
2025-11-25,675.02001953125,81077100
2025-11-26,679.6799926757812,71879600
2025-11-28,683.3900146484375,49212000
2025-12-01,680.27001953125,61201200
2025-12-02,681.530029296875,62953800
2025-12-03,683.8900146484375,57238500
2025-12-04,684.3900146484375,61970300
2025-12-05,685.6900024414062,79241000
2025-12-08,683.6300048828125,55231500
2025-12-09,683.0399780273438,58310100
2025-12-10,687.5700073242188,85671300
2025-12-11,689.1699829101562,86173700
2025-12-12,681.760009765625,113160300
2025-12-15,680.72998046875,90811000
2025-12-16,678.8699951171875,122030600
2025-12-17,671.4000244140625,110625200
2025-12-18,676.469970703125,108650100
2025-12-19,680.5900268554688,103599500
2025-12-22,684.8300170898438,69556700
2025-12-23,687.9600219726562,64840000
2025-12-24,690.3800048828125,39445600
2025-12-26,690.3099975585938,41613300
2025-12-29,687.8499755859375,62559500
2025-12-30,687.010009765625,47160700
2025-12-31,681.9199829101562,74144800
2026-01-02,683.1699829101562,89377200
2026-01-05,687.719970703125,71927200
2026-01-06,691.8099975585938,69273800
2026-01-07,689.5800170898438,75588300
2026-01-08,689.510009765625,64019200
2026-01-09,694.0700073242188,80125500
2026-01-12,695.1599731445312,63976000
2026-01-13,693.77001953125,78309700
2026-01-14,690.3599853515625,94676700
2026-01-15,692.239990234375,77862000
2026-01-16,691.6599731445312,79289200
2026-01-20,677.5800170898438,111623300
2026-01-21,685.4000244140625,127844500
2026-01-22,688.97998046875,77112200
2026-01-23,689.22998046875,63059600
2026-01-26,692.72998046875,60473800
2026-01-27,695.489990234375,55506100
2026-01-28,695.4199829101562,61172200
2026-01-29,694.0399780273438,97486200
2026-01-30,691.969970703125,101835100
2026-02-02,695.4099731445312,79286500
2026-02-03,689.530029296875,107904600
2026-02-04,686.1900024414062,105204600
2026-02-05,677.6199951171875,113610800
2026-02-06,690.6199951171875,89127600
2026-02-09,693.9500122070312,73885200
2026-02-10,692.1199951171875,65185700
2026-02-11,691.9600219726562,76353900
2026-02-12,681.27001953125,118829000
2026-02-13,681.75,96267500
2026-02-17,682.8499755859375,81354700
2026-02-18,686.2899780273438,73570300
2026-02-19,684.47998046875,58649400
2026-02-20,689.4299926757812,100034000
2026-02-23,682.3900146484375,90558100
2026-02-24,687.3499755859375,73798700
2026-02-25,693.1500244140625,56369500
2026-02-26,689.2999877929688,71671000
2026-02-27,685.989990234375,83308900
2026-03-02,686.3800048828125,87477200
2026-03-03,680.3300170898438,105003100
2026-03-04,685.1300048828125,79182200
2026-03-05,681.3099975585938,106606500
2026-03-06,672.3800048828125,100687000
2026-03-09,678.27001953125,102667700
2026-03-10,677.1799926757812,81505300
2026-03-11,676.3300170898438,68441700
2026-03-12,666.0599975585938,108882200
2026-03-13,662.2899780273438,97200200
2026-03-16,669.030029296875,82023100
2026-03-17,670.7899780273438,87128000
2026-03-18,661.4299926757812,82062600
2026-03-19,659.7999877929688,111272500
2026-03-20,648.5700073242188,163617500
2026-03-23,655.3800048828125,134802700
2026-03-24,653.1799926757812,96457500
2026-03-25,656.8200073242188,90653800
2026-03-26,645.0900268554688,96494400
2026-03-27,634.0900268554688,103649400
2026-03-30,631.969970703125,99275900
2026-03-31,650.3400268554688,152534100
2026-04-01,655.239990234375,97841500
2026-04-02,655.8300170898438,68358700
2026-04-06,658.9299926757812,39105800
2026-04-07,659.219970703125,69980400
2026-04-08,676.010009765625,93606100
2026-04-09,679.9099731445312,57134400
2026-04-10,679.4600219726562,42253500
2026-04-13,686.0999755859375,54185800
2026-04-14,694.4600219726562,63480500
2026-04-15,699.9400024414062,58240400
2026-04-16,701.6599731445312,49972400
2026-04-17,710.1400146484375,70661900
2026-04-20,708.719970703125,43546800
2026-04-21,704.0800170898438,58941400
2026-04-22,711.2100219726562,42518500
2026-04-23,708.4500122070312,56174000
2026-04-24,713.9400024414062,45182000
2026-04-27,715.1699829101562,33135900
2026-04-28,711.6900024414062,43117400
2026-04-29,711.5800170898438,41859200
2026-04-30,718.6599731445312,67240900
2026-05-01,720.6500244140625,43049800
2026-05-04,718.010009765625,51950600
2026-05-05,723.77001953125,36933200
2026-05-06,733.8300170898438,53288900
2026-05-07,731.5800170898438,51724600
2026-05-08,737.6199951171875,47227100
2026-05-11,739.2999877929688,44024000
2026-05-12,738.1799926757812,54185300
2026-05-13,742.3099975585938,44200200
2026-05-14,748.1699829101562,45307600
2026-05-15,739.1699829101562,60410800
2026-05-18,738.6500244140625,47843900
2026-05-19,733.72998046875,54255900
2026-05-20,741.25,45768000
2026-05-21,742.719970703125,43332200
2026-05-22,745.6400146484375,41762000
2026-05-26,750.5900268554688,41123600
2026-05-27,750.4600219726562,42106300
2026-05-28,754.5999755859375,41562600
2026-05-29,756.47998046875,55075700
2026-06-01,758.5399780273438,43634900
2026-06-02,759.5700073242188,31581900
2026-06-03,754.239990234375,51402500
2026-06-04,757.0900268554688,49923000
2026-06-05,737.5499877929688,93989400
2026-06-08,739.219970703125,49319100
2026-06-09,737.0499877929688,87683500
2026-06-10,725.4299926757812,60341300
2026-06-11,737.760009765625,86330500
2026-06-12,741.75,57079500
2026-06-15,754.8300170898438,60176400
2026-06-16,750.3300170898438,67093100
2026-06-17,740.9600219726562,85945200
2026-06-18,746.739990234375,80875700
2026-06-22,744.3900146484375,46628100
2026-06-23,733.5800170898438,66846800
2026-06-24,733.239990234375,57439500
2026-06-25,734.2999877929688,53934400
2026-06-26,728.989990234375,71034000
2026-06-29,741.0,58035200
2026-06-30,746.77001953125,55626000
2026-07-01,745.760009765625,47100900
2026-07-02,744.780029296875,57447800
2026-07-06,751.280029296875,50673300
2026-07-07,747.7100219726562,43721500
2026-07-08,745.4000244140625,43767400
2026-07-09,751.7100219726562,41441700
2026-07-10,754.9500122070312,42191300
2026-07-13,749.1699829101562,44013600
2026-07-14,751.8300170898438,35143100
2026-07-15,754.8099975585938,43844800
2026-07-16,750.719970703125,46409800
2026-07-17,743.2899780273438,62651000
2026-07-20,742.0900268554688,50422300
2026-07-21,748.280029296875,34324300
2026-07-22,747.4099731445312,32836200
2026-07-23,738.1799926757812,55437300
2026-07-24,738.9299926757812,44782000
2026-07-27,739.0900268554688,41461200
2026-07-28,740.8599853515625,47322200
2026-07-29,729.4600219726562,70697200
2026-07-30,741.6900024414062,66811300
2026-07-31,747.030029296875,62445900
2026-08-03,757.6699829101562,59927500
2026-08-04,771.3300170898438,69154800
2026-08-05,769.7899780273438,44689100
2026-08-06,768.5599975585938,38416900
2026-08-07,773.260009765625,43586300
2026-08-10,773.030029296875,39249500
2026-08-11,770.5599975585938,36740600
2026-08-12,772.489990234375,33179100
2026-08-13,777.8800048828125,35634500
2026-08-14,776.3400268554688,31367900
2026-08-17,772.6699829101562,34356600
2026-08-18,767.4500122070312,43920900
2026-08-19,769.0599975585938,40306000
2026-08-20,762.5999755859375,45520300
2026-08-21,765.719970703125,39188700
2026-08-24,763.469970703125,32430900
2026-08-25,765.9099731445312,27422300
2026-08-26,766.0800170898438,28751600
2026-08-27,771.0999755859375,34557100
